Cluster,City,Care Level,URL,Primary Keyword,Secondary Keywords,Sections,Primary CTA,Secondary CTAs,Micro Conversions,Related Communities (links),Notes
Littleton cluster,Littleton,assisted-living,https://www.stagesenior.com/assisted-living/littleton,assisted living Littleton,"assisted living near me Littleton, senior assisted Littleton, assisted living pricing Littleton","Hero (H1 + subhead) | CTA Row (Schedule Tour, Get Pricing, Call) | Trust Strip | Is this level right? | What’s included | Nearby communities | Pricing range + estimator | Testimonials | FAQ (schema) | Sticky footer CTA",Schedule a Tour (self‑schedule),Get Pricing; Call Now; Text/Chat,Download Guide; Watch 60‑sec overview; Start Chat; Scroll 90%,https://www.stagesenior.com/communities/the-gardens-at-columbine,
Littleton cluster,Littleton,memory-care,https://www.stagesenior.com/memory-care/littleton,memory care Littleton,"memory care near me Littleton, senior memory Littleton, memory care pricing Littleton","Hero (H1 + subhead) | CTA Row (Schedule Tour, Get Pricing, Call) | Trust Strip | Is this level right? | What’s included | Nearby communities | Pricing range + estimator | Testimonials | FAQ (schema) | Sticky footer CTA",Schedule a Tour (self‑schedule),Get Pricing; Call Now; Text/Chat,Download Guide; Watch 60‑sec overview; Start Chat; Scroll 90%,https://www.stagesenior.com/communities/the-gardens-at-columbine,
Littleton cluster,Ken Caryl,assisted-living,https://www.stagesenior.com/assisted-living/ken-caryl,assisted living Ken Caryl,"assisted living near me Ken Caryl, senior assisted Ken Caryl, assisted living pricing Ken Caryl","Hero (H1 + subhead) | CTA Row (Schedule Tour, Get Pricing, Call) | Trust Strip | Is this level right? | What’s included | Nearby communities | Pricing range + estimator | Testimonials | FAQ (schema) | Sticky footer CTA",Schedule a Tour (self‑schedule),Get Pricing; Call Now; Text/Chat,Download Guide; Watch 60‑sec overview; Start Chat; Scroll 90%,https://www.stagesenior.com/communities/the-gardens-at-columbine,
Littleton cluster,Ken Caryl,memory-care,https://www.stagesenior.com/memory-care/ken-caryl,memory care Ken Caryl,"memory care near me Ken Caryl, senior memory Ken Caryl, memory care pricing Ken Caryl","Hero (H1 + subhead) | CTA Row (Schedule Tour, Get Pricing, Call) | Trust Strip | Is this level right? | What’s included | Nearby communities | Pricing range + estimator | Testimonials | FAQ (schema) | Sticky footer CTA",Schedule a Tour (self‑schedule),Get Pricing; Call Now; Text/Chat,Download Guide; Watch 60‑sec overview; Start Chat; Scroll 90%,https://www.stagesenior.com/communities/the-gardens-at-columbine,
Littleton cluster,Columbine,assisted-living,https://www.stagesenior.com/assisted-living/columbine,assisted living Columbine,"assisted living near me Columbine, senior assisted Columbine, assisted living pricing Columbine","Hero (H1 + subhead) | CTA Row (Schedule Tour, Get Pricing, Call) | Trust Strip | Is this level right? | What’s included | Nearby communities | Pricing range + estimator | Testimonials | FAQ (schema) | Sticky footer CTA",Schedule a Tour (self‑schedule),Get Pricing; Call Now; Text/Chat,Download Guide; Watch 60‑sec overview; Start Chat; Scroll 90%,https://www.stagesenior.com/communities/the-gardens-at-columbine,
Littleton cluster,Columbine,memory-care,https://www.stagesenior.com/memory-care/columbine,memory care Columbine,"memory care near me Columbine, senior memory Columbine, memory care pricing Columbine","Hero (H1 + subhead) | CTA Row (Schedule Tour, Get Pricing, Call) | Trust Strip | Is this level right? | What’s included | Nearby communities | Pricing range + estimator | Testimonials | FAQ (schema) | Sticky footer CTA",Schedule a Tour (self‑schedule),Get Pricing; Call Now; Text/Chat,Download Guide; Watch 60‑sec overview; Start Chat; Scroll 90%,https://www.stagesenior.com/communities/the-gardens-at-columbine,
Littleton cluster,Columbine Valley,assisted-living,https://www.stagesenior.com/assisted-living/columbine-valley,assisted living Columbine Valley,"assisted living near me Columbine Valley, senior assisted Columbine Valley, assisted living pricing Columbine Valley","Hero (H1 + subhead) | CTA Row (Schedule Tour, Get Pricing, Call) | Trust Strip | Is this level right? | What’s included | Nearby communities | Pricing range + estimator | Testimonials | FAQ (schema) | Sticky footer CTA",Schedule a Tour (self‑schedule),Get Pricing; Call Now; Text/Chat,Download Guide; Watch 60‑sec overview; Start Chat; Scroll 90%,https://www.stagesenior.com/communities/the-gardens-at-columbine,
Littleton cluster,Columbine Valley,memory-care,https://www.stagesenior.com/memory-care/columbine-valley,memory care Columbine Valley,"memory care near me Columbine Valley, senior memory Columbine Valley, memory care pricing Columbine Valley","Hero (H1 + subhead) | CTA Row (Schedule Tour, Get Pricing, Call) | Trust Strip | Is this level right? | What’s included | Nearby communities | Pricing range + estimator | Testimonials | FAQ (schema) | Sticky footer CTA",Schedule a Tour (self‑schedule),Get Pricing; Call Now; Text/Chat,Download Guide; Watch 60‑sec overview; Start Chat; Scroll 90%,https://www.stagesenior.com/communities/the-gardens-at-columbine,
Littleton cluster,Bow Mar,assisted-living,https://www.stagesenior.com/assisted-living/bow-mar,assisted living Bow Mar,"assisted living near me Bow Mar, senior assisted Bow Mar, assisted living pricing Bow Mar","Hero (H1 + subhead) | CTA Row (Schedule Tour, Get Pricing, Call) | Trust Strip | Is this level right? | What’s included | Nearby communities | Pricing range + estimator | Testimonials | FAQ (schema) | Sticky footer CTA",Schedule a Tour (self‑schedule),Get Pricing; Call Now; Text/Chat,Download Guide; Watch 60‑sec overview; Start Chat; Scroll 90%,https://www.stagesenior.com/communities/the-gardens-at-columbine,
Littleton cluster,Bow Mar,memory-care,https://www.stagesenior.com/memory-care/bow-mar,memory care Bow Mar,"memory care near me Bow Mar, senior memory Bow Mar, memory care pricing Bow Mar","Hero (H1 + subhead) | CTA Row (Schedule Tour, Get Pricing, Call) | Trust Strip | Is this level right? | What’s included | Nearby communities | Pricing range + estimator | Testimonials | FAQ (schema) | Sticky footer CTA",Schedule a Tour (self‑schedule),Get Pricing; Call Now; Text/Chat,Download Guide; Watch 60‑sec overview; Start Chat; Scroll 90%,https://www.stagesenior.com/communities/the-gardens-at-columbine,
Littleton cluster,Highlands Ranch,assisted-living,https://www.stagesenior.com/assisted-living/highlands-ranch,assisted living Highlands Ranch,"assisted living near me Highlands Ranch, senior assisted Highlands Ranch, assisted living pricing Highlands Ranch","Hero (H1 + subhead) | CTA Row (Schedule Tour, Get Pricing, Call) | Trust Strip | Is this level right? | What’s included | Nearby communities | Pricing range + estimator | Testimonials | FAQ (schema) | Sticky footer CTA",Schedule a Tour (self‑schedule),Get Pricing; Call Now; Text/Chat,Download Guide; Watch 60‑sec overview; Start Chat; Scroll 90%,https://www.stagesenior.com/communities/the-gardens-at-columbine,
Littleton cluster,Highlands Ranch,memory-care,https://www.stagesenior.com/memory-care/highlands-ranch,memory care Highlands Ranch,"memory care near me Highlands Ranch, senior memory Highlands Ranch, memory care pricing Highlands Ranch","Hero (H1 + subhead) | CTA Row (Schedule Tour, Get Pricing, Call) | Trust Strip | Is this level right? | What’s included | Nearby communities | Pricing range + estimator | Testimonials | FAQ (schema) | Sticky footer CTA",Schedule a Tour (self‑schedule),Get Pricing; Call Now; Text/Chat,Download Guide; Watch 60‑sec overview; Start Chat; Scroll 90%,https://www.stagesenior.com/communities/the-gardens-at-columbine,
Littleton cluster,Englewood,assisted-living,https://www.stagesenior.com/assisted-living/englewood,assisted living Englewood,"assisted living near me Englewood, senior assisted Englewood, assisted living pricing Englewood","Hero (H1 + subhead) | CTA Row (Schedule Tour, Get Pricing, Call) | Trust Strip | Is this level right? | What’s included | Nearby communities | Pricing range + estimator | Testimonials | FAQ (schema) | Sticky footer CTA",Schedule a Tour (self‑schedule),Get Pricing; Call Now; Text/Chat,Download Guide; Watch 60‑sec overview; Start Chat; Scroll 90%,https://www.stagesenior.com/communities/the-gardens-at-columbine,
Littleton cluster,Englewood,memory-care,https://www.stagesenior.com/memory-care/englewood,memory care Englewood,"memory care near me Englewood, senior memory Englewood, memory care pricing Englewood","Hero (H1 + subhead) | CTA Row (Schedule Tour, Get Pricing, Call) | Trust Strip | Is this level right? | What’s included | Nearby communities | Pricing range + estimator | Testimonials | FAQ (schema) | Sticky footer CTA",Schedule a Tour (self‑schedule),Get Pricing; Call Now; Text/Chat,Download Guide; Watch 60‑sec overview; Start Chat; Scroll 90%,https://www.stagesenior.com/communities/the-gardens-at-columbine,
Arvada cluster,Arvada,assisted-living,https://www.stagesenior.com/assisted-living/arvada,assisted living Arvada,"assisted living near me Arvada, senior assisted Arvada, assisted living pricing Arvada","Hero (H1 + subhead) | CTA Row (Schedule Tour, Get Pricing, Call) | Trust Strip | Is this level right? | What’s included | Nearby communities | Pricing range + estimator | Testimonials | FAQ (schema) | Sticky footer CTA",Schedule a Tour (self‑schedule),Get Pricing; Call Now; Text/Chat,Download Guide; Watch 60‑sec overview; Start Chat; Scroll 90%,https://www.stagesenior.com/communities/the-gardens-on-quail • https://www.stagesenior.com/communities/stonebridge-senior,
Arvada cluster,Arvada,memory-care,https://www.stagesenior.com/memory-care/arvada,memory care Arvada,"memory care near me Arvada, senior memory Arvada, memory care pricing Arvada","Hero (H1 + subhead) | CTA Row (Schedule Tour, Get Pricing, Call) | Trust Strip | Is this level right? | What’s included | Nearby communities | Pricing range + estimator | Testimonials | FAQ (schema) | Sticky footer CTA",Schedule a Tour (self‑schedule),Get Pricing; Call Now; Text/Chat,Download Guide; Watch 60‑sec overview; Start Chat; Scroll 90%,https://www.stagesenior.com/communities/the-gardens-on-quail • https://www.stagesenior.com/communities/stonebridge-senior,
Arvada cluster,Wheat Ridge,assisted-living,https://www.stagesenior.com/assisted-living/wheat-ridge,assisted living Wheat Ridge,"assisted living near me Wheat Ridge, senior assisted Wheat Ridge, assisted living pricing Wheat Ridge","Hero (H1 + subhead) | CTA Row (Schedule Tour, Get Pricing, Call) | Trust Strip | Is this level right? | What’s included | Nearby communities | Pricing range + estimator | Testimonials | FAQ (schema) | Sticky footer CTA",Schedule a Tour (self‑schedule),Get Pricing; Call Now; Text/Chat,Download Guide; Watch 60‑sec overview; Start Chat; Scroll 90%,https://www.stagesenior.com/communities/the-gardens-on-quail • https://www.stagesenior.com/communities/stonebridge-senior,
Arvada cluster,Wheat Ridge,memory-care,https://www.stagesenior.com/memory-care/wheat-ridge,memory care Wheat Ridge,"memory care near me Wheat Ridge, senior memory Wheat Ridge, memory care pricing Wheat Ridge","Hero (H1 + subhead) | CTA Row (Schedule Tour, Get Pricing, Call) | Trust Strip | Is this level right? | What’s included | Nearby communities | Pricing range + estimator | Testimonials | FAQ (schema) | Sticky footer CTA",Schedule a Tour (self‑schedule),Get Pricing; Call Now; Text/Chat,Download Guide; Watch 60‑sec overview; Start Chat; Scroll 90%,https://www.stagesenior.com/communities/the-gardens-on-quail • https://www.stagesenior.com/communities/stonebridge-senior,
Arvada cluster,Westminster,assisted-living,https://www.stagesenior.com/assisted-living/westminster,assisted living Westminster,"assisted living near me Westminster, senior assisted Westminster, assisted living pricing Westminster","Hero (H1 + subhead) | CTA Row (Schedule Tour, Get Pricing, Call) | Trust Strip | Is this level right? | What’s included | Nearby communities | Pricing range + estimator | Testimonials | FAQ (schema) | Sticky footer CTA",Schedule a Tour (self‑schedule),Get Pricing; Call Now; Text/Chat,Download Guide; Watch 60‑sec overview; Start Chat; Scroll 90%,https://www.stagesenior.com/communities/the-gardens-on-quail • https://www.stagesenior.com/communities/stonebridge-senior,
Arvada cluster,Westminster,memory-care,https://www.stagesenior.com/memory-care/westminster,memory care Westminster,"memory care near me Westminster, senior memory Westminster, memory care pricing Westminster","Hero (H1 + subhead) | CTA Row (Schedule Tour, Get Pricing, Call) | Trust Strip | Is this level right? | What’s included | Nearby communities | Pricing range + estimator | Testimonials | FAQ (schema) | Sticky footer CTA",Schedule a Tour (self‑schedule),Get Pricing; Call Now; Text/Chat,Download Guide; Watch 60‑sec overview; Start Chat; Scroll 90%,https://www.stagesenior.com/communities/the-gardens-on-quail • https://www.stagesenior.com/communities/stonebridge-senior,
Arvada cluster,Golden,assisted-living,https://www.stagesenior.com/assisted-living/golden,assisted living Golden,"assisted living near me Golden, senior assisted Golden, assisted living pricing Golden","Hero (H1 + subhead) | CTA Row (Schedule Tour, Get Pricing, Call) | Trust Strip | Is this level right? | What’s included | Nearby communities | Pricing range + estimator | Testimonials | FAQ (schema) | Sticky footer CTA",Schedule a Tour (self‑schedule),Get Pricing; Call Now; Text/Chat,Download Guide; Watch 60‑sec overview; Start Chat; Scroll 90%,https://www.stagesenior.com/communities/the-gardens-on-quail • https://www.stagesenior.com/communities/stonebridge-senior,
Arvada cluster,Golden,memory-care,https://www.stagesenior.com/memory-care/golden,memory care Golden,"memory care near me Golden, senior memory Golden, memory care pricing Golden","Hero (H1 + subhead) | CTA Row (Schedule Tour, Get Pricing, Call) | Trust Strip | Is this level right? | What’s included | Nearby communities | Pricing range + estimator | Testimonials | FAQ (schema) | Sticky footer CTA",Schedule a Tour (self‑schedule),Get Pricing; Call Now; Text/Chat,Download Guide; Watch 60‑sec overview; Start Chat; Scroll 90%,https://www.stagesenior.com/communities/the-gardens-on-quail • https://www.stagesenior.com/communities/stonebridge-senior,
Arvada cluster,Lakewood,assisted-living,https://www.stagesenior.com/assisted-living/lakewood,assisted living Lakewood,"assisted living near me Lakewood, senior assisted Lakewood, assisted living pricing Lakewood","Hero (H1 + subhead) | CTA Row (Schedule Tour, Get Pricing, Call) | Trust Strip | Is this level right? | What’s included | Nearby communities | Pricing range + estimator | Testimonials | FAQ (schema) | Sticky footer CTA",Schedule a Tour (self‑schedule),Get Pricing; Call Now; Text/Chat,Download Guide; Watch 60‑sec overview; Start Chat; Scroll 90%,https://www.stagesenior.com/communities/the-gardens-on-quail • https://www.stagesenior.com/communities/stonebridge-senior,
Arvada cluster,Lakewood,memory-care,https://www.stagesenior.com/memory-care/lakewood,memory care Lakewood,"memory care near me Lakewood, senior memory Lakewood, memory care pricing Lakewood","Hero (H1 + subhead) | CTA Row (Schedule Tour, Get Pricing, Call) | Trust Strip | Is this level right? | What’s included | Nearby communities | Pricing range + estimator | Testimonials | FAQ (schema) | Sticky footer CTA",Schedule a Tour (self‑schedule),Get Pricing; Call Now; Text/Chat,Download Guide; Watch 60‑sec overview; Start Chat; Scroll 90%,https://www.stagesenior.com/communities/the-gardens-on-quail • https://www.stagesenior.com/communities/stonebridge-senior,
Golden cluster,Golden,independent-living,https://www.stagesenior.com/independent-living/golden,independent living Golden,"independent living near me Golden, senior independent Golden, independent living pricing Golden","Hero (H1 + subhead) | CTA Row (Schedule Tour, Get Pricing, Call) | Trust Strip | Is this level right? | What’s included | Nearby communities | Pricing range + estimator | Testimonials | FAQ (schema) | Sticky footer CTA",Schedule a Tour (self‑schedule),Get Pricing; Call Now; Text/Chat,Download Guide; Watch 60‑sec overview; Start Chat; Scroll 90%,https://www.stagesenior.com/communities/golden-pond,IL served by Golden Pond.
Golden cluster,Lakewood,independent-living,https://www.stagesenior.com/independent-living/lakewood,independent living Lakewood,"independent living near me Lakewood, senior independent Lakewood, independent living pricing Lakewood","Hero (H1 + subhead) | CTA Row (Schedule Tour, Get Pricing, Call) | Trust Strip | Is this level right? | What’s included | Nearby communities | Pricing range + estimator | Testimonials | FAQ (schema) | Sticky footer CTA",Schedule a Tour (self‑schedule),Get Pricing; Call Now; Text/Chat,Download Guide; Watch 60‑sec overview; Start Chat; Scroll 90%,https://www.stagesenior.com/communities/golden-pond,IL served by Golden Pond.
Golden cluster,Arvada,independent-living,https://www.stagesenior.com/independent-living/arvada,independent living Arvada,"independent living near me Arvada, senior independent Arvada, independent living pricing Arvada","Hero (H1 + subhead) | CTA Row (Schedule Tour, Get Pricing, Call) | Trust Strip | Is this level right? | What’s included | Nearby communities | Pricing range + estimator | Testimonials | FAQ (schema) | Sticky footer CTA",Schedule a Tour (self‑schedule),Get Pricing; Call Now; Text/Chat,Download Guide; Watch 60‑sec overview; Start Chat; Scroll 90%,https://www.stagesenior.com/communities/golden-pond,IL served by Golden Pond.
Golden cluster,Morrison,independent-living,https://www.stagesenior.com/independent-living/morrison,independent living Morrison,"independent living near me Morrison, senior independent Morrison, independent living pricing Morrison","Hero (H1 + subhead) | CTA Row (Schedule Tour, Get Pricing, Call) | Trust Strip | Is this level right? | What’s included | Nearby communities | Pricing range + estimator | Testimonials | FAQ (schema) | Sticky footer CTA",Schedule a Tour (self‑schedule),Get Pricing; Call Now; Text/Chat,Download Guide; Watch 60‑sec overview; Start Chat; Scroll 90%,https://www.stagesenior.com/communities/golden-pond,IL served by Golden Pond.
Golden cluster,Morrison,assisted-living,https://www.stagesenior.com/assisted-living/morrison,assisted living Morrison,"assisted living near me Morrison, senior assisted Morrison, assisted living pricing Morrison","Hero (H1 + subhead) | CTA Row (Schedule Tour, Get Pricing, Call) | Trust Strip | Is this level right? | What’s included | Nearby communities | Pricing range + estimator | Testimonials | FAQ (schema) | Sticky footer CTA",Schedule a Tour (self‑schedule),Get Pricing; Call Now; Text/Chat,Download Guide; Watch 60‑sec overview; Start Chat; Scroll 90%,https://www.stagesenior.com/communities/golden-pond,
Golden cluster,Morrison,memory-care,https://www.stagesenior.com/memory-care/morrison,memory care Morrison,"memory care near me Morrison, senior memory Morrison, memory care pricing Morrison","Hero (H1 + subhead) | CTA Row (Schedule Tour, Get Pricing, Call) | Trust Strip | Is this level right? | What’s included | Nearby communities | Pricing range + estimator | Testimonials | FAQ (schema) | Sticky footer CTA",Schedule a Tour (self‑schedule),Get Pricing; Call Now; Text/Chat,Download Guide; Watch 60‑sec overview; Start Chat; Scroll 90%,https://www.stagesenior.com/communities/golden-pond,
