Name,Slug,Collection ID,Item ID,Archived,Draft,Created On,Updated On,Published On,Post Body,Post Summary,Main Image,Thumbnail image,Featured?,Color,Category,Author,Tags,Gallery Image 1,Gallery Image 2,Gallery Image 3,Date
A Day of Growth: Planting in the Gardens on Quail Community Garden,a-day-of-growth-planting-in-the-gardens-on-quail-community-garden,646cf8827ce45f61d4caed9f,66be1ce4a13115606fca127e,false,false,Thu Aug 15 2024 15:21:08 GMT+0000 (Coordinated Universal Time),Thu Jul 17 2025 14:14:54 GMT+0000 (Coordinated Universal Time),Thu Jul 17 2025 15:41:20 GMT+0000 (Coordinated Universal Time),"<p id="""">Today was a truly fantastic day at Gardens on Quail as our residents came together to breathe life into our community garden! On this beautiful May 23rd, the sun shone down as our green-thumbed residents dug into the earth, planting a variety of vibrant flowers, herbs, and vegetables that will soon flourish in our shared space.</p><h3 id="""">Cultivating Joy and Connection</h3><p id="""">There’s something incredibly special about gardening—it’s not just about planting seeds, but about fostering connection and well-being. As our residents worked side by side, smiles were abundant, and the joy of creating something together filled the air. The fresh breeze and the satisfaction of nurturing new life made the experience even more rewarding.</p><h3 id="""">A Garden of Growth and Memories</h3><p id="""">Our community garden is more than just a place for plants; it’s a living symbol of growth, care, and the bonds that make Gardens on Quail such a warm and welcoming home. Each plant put in the ground today represents our residents' shared commitment to a healthy, active lifestyle and a thriving community.</p><h3 id="""">Looking Forward to More Garden Moments</h3><p id="""">We couldn’t be more excited to watch our garden grow, and we’re eager to share more updates as the season progresses. Check out our <a href=""/our-community/activities"">activity calendar</a> for more upcoming events.</p><p id="""">‍</p>",Residents at Gardens on Quail enjoyed a wonderful day planting in our community garden on May 23rd. Follow our journey as we cultivate joy and connection.,https://cdn.prod.website-files.com/637e82335616ba47c774e6bc/66be1cd0bb57ed533f84a6bc_cover-ezgif.com-png-to-webp-converter.avif,https://cdn.prod.website-files.com/637e82335616ba47c774e6bc/66be1cd5d9cc49918714b354_thumb-ezgif.com-png-to-webp-converter.avif,false,,Activities,mariah-ruell,general,https://cdn.prod.website-files.com/637e82335616ba47c774e6bc/66be1cda0c5ec0722cfd35e5_gallery1-ezgif.com-png-to-webp-converter.avif,https://cdn.prod.website-files.com/637e82335616ba47c774e6bc/66be1cdd2d1d1aea5833a775_gallery2-ezgif.com-png-to-webp-converter.avif,https://cdn.prod.website-files.com/637e82335616ba47c774e6bc/66be1ce000dba40c30831ca1_gallery3-ezgif.com-png-to-webp-converter.avif,Thu May 23 2024 00:00:00 GMT+0000 (Coordinated Universal Time)
A Harvest of Memories: Our Day at the Arvada Harvest Festival,a-harvest-of-memories-our-day-at-the-arvada-harvest-festival,646cf8827ce45f61d4caed9f,6539557bc7b839b94694e78d,false,false,Wed Oct 25 2023 17:50:51 GMT+0000 (Coordinated Universal Time),Thu Jul 17 2025 14:26:11 GMT+0000 (Coordinated Universal Time),Thu Jul 17 2025 15:41:20 GMT+0000 (Coordinated Universal Time),"<p id="""">I couldn't be more excited to recap our experience at the 98th Annual <a href=""https://arvadaharvestfestivalparade.com/""><strong>Arvada Harvest Festival</strong></a>, where we had the honor of being one of the event sponsors.</p><h3 id="""">A Legacy of Community and Tradition</h3><p id="""">For those unfamiliar with it, the Arvada Harvest Festival has been a staple in Jefferson County since 1925, celebrating the rich agricultural history of Arvada. Hosted by the Arvada Junior Chamber Foundation, the festival's purpose is to bring generations together, creating memories that will last a lifetime.</p><h3 id="""">The Move to Clear Creek Valley Park</h3><p id="""">The festival has a new location this year—<a href=""https://www.hylandhills.org/location/clear-creek-valley-park/"">Clear Creek Valley Park</a>, a refreshing backdrop that showcased the event's community spirit perfectly. The park served as an open canvas for endless activities, vendors, and good vibes all around.</p><h3 id="""">Harvesting New Relationships</h3><p id="""">While the festival provided plenty of fun and entertainment, it was also a fruitful experience for us in terms of networking and community engagement. We made meaningful connections that will help us continue to enrich the lives of our residents at Gardens on Quail.</p><h3 id="""">Looking Forward</h3><p id="""">As we look back on this remarkable day, we're not just counting the fun moments or the new friendships formed; we're also looking ahead. We're excited about the relationships that have sprouted and can't wait to nurture them in the days to come. Until next year, Arvada Harvest Festival, we look forward to growing together!</p><p id="""">Best,Kyla</p><p>‍</p>","Kyla recounts a day of joy, community, and memory-making at this year's Arvada Harvest Festival.",https://cdn.prod.website-files.com/637e82335616ba47c774e6bc/6539593ffdc8a7642fdff958_cover.avif,https://cdn.prod.website-files.com/637e82335616ba47c774e6bc/6539626c6c483616c49ad43e_thumb.avif,false,,Activities,mariah-ruell,general,https://cdn.prod.website-files.com/637e82335616ba47c774e6bc/653959917c7c26d038759d20_gallery1-harvest.avif,https://cdn.prod.website-files.com/637e82335616ba47c774e6bc/653959cf9d0f62921c007418_gallery3.avif,,Sat Sep 09 2023 00:00:00 GMT+0000 (Coordinated Universal Time)
A Night of Stars,a-night-of-stars,646cf8827ce45f61d4caed9f,6644cda243bf4acdfae662a6,false,false,Wed May 15 2024 14:58:42 GMT+0000 (Coordinated Universal Time),Thu Jul 17 2025 14:17:45 GMT+0000 (Coordinated Universal Time),Thu Jul 17 2025 15:41:20 GMT+0000 (Coordinated Universal Time),"<p id="""">Hollywood glamour arrived at Gardens on Quail this Oscars night as we rolled out the red carpet for our very own <a href=""https://www.oscars.org/oscars/ceremonies/2024"">Oscar Watch Party</a>. The evening was filled with glitz, glamor, and the communal joy of cinema, making it a truly unforgettable event for everyone involved.</p><p id=""""><strong id="""">Lights, Camera, Action!</strong></p><p id="""">As the stars dazzled on the big screen, our residents shone just as brightly, dressed in their Oscar best. The excitement was palpable as everyone made their grand entrance on the real red carpet, complete with paparazzi—staff members snapping photos to capture the glamor of the night.</p><p id=""""><strong id="""">Celebrating Cinema</strong></p><p id="""">The main lobby was transformed into our mini-theater, decked out with Oscars decor. Our residents enjoyed a selection of fine finger foods and sparkling beverages, adding a taste of luxury to the viewing experience.</p><p id=""""><strong id="""">Looking Forward to Next Year</strong></p><p id="""">Thank you to all our residents and staff for making our Oscar Watch Party a huge success. Here’s to more magical moments and shared celebrations. Be sure to check out <a href=""/our-community/activities"">our calendar</a> for our next big event!</p><p>‍</p>","A recap of our dazzling Oscar Watch Party! Discover how we celebrated cinema’s biggest night with style, smiles, and a real red carpet experience.",https://cdn.prod.website-files.com/637e82335616ba47c774e6bc/6644ccf163c07643eb70f122_cover.avif,https://cdn.prod.website-files.com/637e82335616ba47c774e6bc/6644ccf3a728b68fde0ec1e1_thumbnail.avif,false,,Activities,mariah-ruell,general,https://cdn.prod.website-files.com/637e82335616ba47c774e6bc/6644cde9e17b77a1b7b02b9a_gallery1.avif,,,Sun Mar 10 2024 00:00:00 GMT+0000 (Coordinated Universal Time)
Assessing Your Needs: Key Considerations When Evaluating Elder Care Options,assessing-your-needs-key-considerations-when-evaluating-elder-care-options,646cf8827ce45f61d4caed9f,64927eefc4b7189b3165bf13,false,false,Wed Jun 21 2023 04:39:11 GMT+0000 (Coordinated Universal Time),Thu Jul 17 2025 14:18:41 GMT+0000 (Coordinated Universal Time),Thu Jul 17 2025 15:41:20 GMT+0000 (Coordinated Universal Time),"<p id="""">I understand that evaluating elder care options is a deeply personal and important decision. It involves considering a multitude of factors that directly impact your or your loved one's well-being, comfort, and overall quality of life. In this article, I want to share some insights and personal guidance on assessing your needs when evaluating you or your loved ones next home.</p><p id="""">First and foremost, it's crucial to take a comprehensive look at your care needs. Assess your physical care requirements, such as assistance with daily activities, mobility, and medication management. </p><p id="""">If memory challenges are present, consider the specialized support offered by memory care programs. Additionally, pay attention to your social and emotional well-being, as companionship and engaging activities play a vital role in enhancing your overall happiness and contentment. </p><p id="""">Please use our <a href=""/decision-guide"" id=""""><strong id="""">Care Need Quiz</strong></a> to help you get started on this process. We also do an in-person intake when and if you get to that stage with us.</p><p id="""">As you evaluate elder care options, several key considerations should come to the forefront. Location is an important factor, as proximity to loved ones, medical facilities, and support networks can greatly influence your sense of belonging and peace of mind. If you are new to the area I suggest you view our <a href=""/arvada-senior-guide"" id=""""><strong id="""">Senior Resource Guide for the Arvada area</strong></a>.</p><p id="""">Amenities and services play a significant role in your day-to-day experience. Look for care options that offer a wide range of <a href=""/our-community/amenities"" id=""""><strong id="""">amenities</strong></a>, such as delicious <a href=""/our-community/dining"" id=""""><strong id="""">dining options</strong></a><strong id="""">,</strong> housekeeping services, transportation assistance, and robust wellness programs to support your physical and emotional well-being. Affordability is another critical aspect to consider, so take the time to evaluate costs, explore available financial resources like long-term care insurance or government programs, and ensure the financial feasibility of your chosen care option.</p><p id="""">One of the most important factors in selecting an elder care facility is the expertise and dedication of the staff. I encourage you to inquire about the qualifications and training of the care team, ensuring that they possess the skills and compassion necessary to provide exceptional care. Staff-to-resident ratios are also crucial, as they directly impact the amount of attention and support you or your loved one will receive. When you start your process of visiting facilities please use our <a href=""/decision-guide"" id=""""><strong id="""">Match-Up comparison printout along with our handy Facility Visit Checklist</strong></a> to make sure you are asking the right questions and compare facilities against each other to get the one that most fits your needs.</p><p id="""">In your search for the right elder care option, don't underestimate the power of reviews and recommendations. Seek out testimonials from current residents and their families to gain insights into the quality of care, the sense of community, and overall satisfaction levels. Hearing firsthand experiences can provide valuable reassurance and help you make a more informed decision. </p><p id="""">Remember, this journey is deeply personal, and it's important to trust your instincts. As you tour different facilities, engage with care providers, and interact with current residents, pay attention to how you feel. Your intuition will guide you towards the right fit—the place that truly feels like home.</p><p id="""">At our facility, we understand the weight of this decision and the emotions that accompany it. We are here to support you every step of the way, providing a caring and nurturing environment where you or your loved one can thrive. Our dedicated team is committed to ensuring that your needs are met, your comfort is prioritized, and your journey is filled with compassion, dignity, and a sense of belonging.</p><p id="""">Please don't hesitate to reach out to us for any questions or to <a href=""/schedule-a-tour"" id=""""><strong id="""">schedule a personal tour</strong></a>. We are honored to be part of your elder care journey, and we look forward to helping you find the perfect care option that brings peace, happiness, and fulfillment to your life.</p><p>‍</p><p id="""">‍</p>",I want to share some insights and personal guidance on assessing your needs when evaluating you or your loved ones next home.,https://cdn.prod.website-files.com/637e82335616ba47c774e6bc/64927edb24f87f959216ab73_header.avif,https://cdn.prod.website-files.com/637e82335616ba47c774e6bc/64927ede4ef774c717236220_thumb.avif,false,,Decision Guide,mariah-ruell,guide,,,,Wed Jun 21 2023 00:00:00 GMT+0000 (Coordinated Universal Time)
Blooms from Our Garden Beds: A Morning of Floral Artistry at Gardens on Quail,blooms-from-our-garden-beds-a-morning-of-floral-artistry-at-gardens-on-quail,646cf8827ce45f61d4caed9f,653960f43d3e45dc0a81ef6b,false,false,Wed Oct 25 2023 18:39:48 GMT+0000 (Coordinated Universal Time),Thu Jul 17 2025 14:18:05 GMT+0000 (Coordinated Universal Time),Thu Jul 17 2025 15:41:20 GMT+0000 (Coordinated Universal Time),"<p id="""">Hello everyone, this is Leigh, the Executive Director at Gardens on Quail, and I’m delighted to recount the wonderful experience we had creating floral arrangements from our very own garden beds.</p><h3 id="""">The Power of Gardening</h3><p id="""">We often underestimate the therapeutic value of engaging with nature. This activity was not only creatively stimulating but also provided a meditative space for our residents. <a href=""https://www.mayoclinichealthsystem.org/hometown-health/speaking-of-health/dig-into-the-benefits-of-gardening#:~:text=Reduced%20stress%20levels,linked%20to%20improved%20mental%20health."" id=""""><strong id="""">Medical research</strong></a> even supports the idea that gardening can improve mental well-being, alleviate stress, and offer physical benefits through gentle exercise.</p><h3 id="""">Our Blooming Garden Beds</h3><p id="""">We have been tending to our garden beds with love and attention, and the time came to see the fruits—or rather, the flowers—of our labor. This morning, we harvested a vibrant array of blossoms right from our gardens to use in our floral arrangements.</p><h3 id="""">Crafting Floral Arrangements</h3><p id="""">Under the warm morning sun, we gathered around tables laden with vases, ribbons, and freshly cut flowers. Our residents took their time selecting the blooms that caught their eye, arranging them with both skill and emotion. Each arrangement turned into a personalized piece of art.</p><h3 id="""">Shared Moments</h3><p id="""">This was a bonding experience for everyone involved. Conversations flowed as easily as the arrangements came together, and we all took a moment to appreciate the beauty around us—both in the flowers and in the community we’ve built here.</p><h3 id="""">A Sustainable Activity</h3><p id="""">It’s fulfilling to know that the flowers used for our arrangements came from sustainable sources right in our own backyard, affirming our commitment to environmentally responsible practices.</p><p id="""">We hope to make floral arrangement sessions a recurring event, so watch this space for more.</p><p id="""">Thank you all for making this morning so special.</p><p id="""">Best,<br>Mariah</p><p id="""">‍</p>","Learn how Gardens on Quail's residents turned their garden blooms into beautiful, therapeutic floral arrangements.",https://cdn.prod.website-files.com/637e82335616ba47c774e6bc/65395f5b7113f076cf6540d6_cover.avif,https://cdn.prod.website-files.com/637e82335616ba47c774e6bc/6539635871d4f01e206fb2f3_thumb.avif,false,,Activities,mariah-ruell,general,https://cdn.prod.website-files.com/637e82335616ba47c774e6bc/653960e1b6b06d67a3b9db82_cut.avif,https://cdn.prod.website-files.com/637e82335616ba47c774e6bc/653960e4e87f89658f4fd971_cut-flowers1.avif,https://cdn.prod.website-files.com/637e82335616ba47c774e6bc/653960e7af6ee651834a9f4e_cut-flowers-3.avif,Fri Oct 20 2023 00:00:00 GMT+0000 (Coordinated Universal Time)
Bouncing Fun with Balloon Volleyball ,bouncing-fun-with-balloon-volleyball,646cf8827ce45f61d4caed9f,646d5cd82d73608993d56a86,false,false,Wed May 24 2023 00:39:52 GMT+0000 (Coordinated Universal Time),Thu Jul 17 2025 14:19:39 GMT+0000 (Coordinated Universal Time),Thu Jul 17 2025 15:41:20 GMT+0000 (Coordinated Universal Time),"<p id="""">Just dropping in to chat about the latest fun that’s been taking over our <a href=""/living-options/memory-care"">memory care unit </a>- Balloon Volleyball!</p><p id="""">We're always on the lookout for <a href=""https://www.gardensonquail.com/our-community/activities"" id="""">activities </a>that get our residents moving, laughing, and interacting. And let me tell you, Balloon Volleyball checks all those boxes and more. Picture this: a room full of our residents batting a big, bright balloon around, with everyone pitching in to keep it from touching the ground. It’s a hoot!</p><p id="""">Don't let the simplicity fool you though. It's not just about batting a balloon around. This game gets our folks moving and grooving, all in the name of fun. It’s gentle on the joints, and helps with things like hand-eye coordination, flexibility, and motor skills. Plus, let's not forget the social aspect - nothing like a friendly game to stir up conversation and laughter!</p><p id="""">The magic of Balloon Volleyball lies in its simplicity. Remember the joy of playing with balloons as a kid? It’s like that, but even better because our friends are experiencing it together. A colorful balloon bobbing around the room just naturally invites smiles and cheer.</p><p id="""">I’ll tell you what, these sessions are a riot! Full of laughter, light-hearted banter, and good vibes. It’s not about winning or scoring; it’s about having a great time and staying active.</p><p id="""">In short, Balloon Volleyball has become a real crowd-pleaser in our memory care unit. We’re excited to keep bringing in more fun activities like this that keep our residents happy and engaged. Here at Gardens on Quail, we’re all about creating a lively, joyful environment where everyone feels at home.</p><p id="""">Till next time, stay active and keep those balloons afloat!</p><p id="""">‍</p>","We're always on the lookout for activities that get our residents moving, laughing, and interacting. ",https://cdn.prod.website-files.com/637e82335616ba47c774e6bc/646d5ba91122a43e8683b4c8_thumbnail.avif,https://cdn.prod.website-files.com/637e82335616ba47c774e6bc/646d5baccb6ee4eaa17a0b15_thumb-small.avif,false,,Activities,mariah-ruell,memory-care,https://cdn.prod.website-files.com/637e82335616ba47c774e6bc/646d5cc2f740a66744104c5a_1.avif,https://cdn.prod.website-files.com/637e82335616ba47c774e6bc/646d5cc5bb6afc1f39fb00a4_2.avif,https://cdn.prod.website-files.com/637e82335616ba47c774e6bc/646d5cc7aab44e9fcf59f18e_3.avif,Wed Feb 15 2023 00:00:00 GMT+0000 (Coordinated Universal Time)
Building Bridges Between Generations: Our Special Day with Jefferson High School's B.I.O.N.I.C. Team,building-bridges-between-generations-our-special-day-with-jefferson-high-schools-b-i-o-n-i-c-team,646cf8827ce45f61d4caed9f,646d15ed8b02d3f10f46ff04,false,false,Tue May 23 2023 19:37:17 GMT+0000 (Coordinated Universal Time),Mon Jul 15 2024 18:27:57 GMT+0000 (Coordinated Universal Time),Tue Jun 10 2025 13:56:34 GMT+0000 (Coordinated Universal Time),"<p id="""">Recently, we had 12 of our residents visit <a href=""https://jeffersonjrsr.jeffcopublicschools.org/"" id="""">Jefferson High School </a>for a unique and engaging intergenerational event. The students, part of the school's remarkable <a href=""https://www.bionicteam.org/program/"" id="""">B.I.O.N.I.C. team</a>, teamed up with our residents to create beautiful mason jar flower vases, sharing laughter and stories as they worked together.</p><p id="""">For those unfamiliar with B.I.O.N.I.C. (which stands for Believe It Or Not I Care), it's an inspiring student-led initiative started in 2004 aimed at creating caring and supportive school environments. B.I.O.N.I.C. teams work tirelessly to prevent bullying and suicides by reaching out to students going through challenging times. Their philosophy is simple yet powerful: let struggling peers know they are seen, they matter, and they are not alone. They are real-life heroes, making a difference in their community every day.</p><p id="""">During our event, our residents were deeply touched by the compassion and understanding shown by these young individuals. It was a joy to watch connections being made, stories shared, and lives touched. The creation of the mason jar flower vases was not just a craft activity but a testament to the beautiful bond that was being formed between the young and the old.</p><p id="""">I'm thrilled to announce that the event was so inspiring that <a href=""https://www.9news.com/video/news/local/next/next-with-kyle-clark/jefferson-county-students-build-intergenerational-friendships/73-aadc459d-9d60-41cb-975e-dbe9573bccd9?fbclid=IwAR1fEl2N2PdADTB5Xjss7nQZ92kKn89fZhyM1aIkXD-9qrtxxWKZXkkd1mc"" id="""">9News decided to feature it!</a> </p><figure class=""w-richtext-figure-type-video w-richtext-align-center"" style=""padding-bottom:33.723653395784545%"" data-rt-type=""video"" data-rt-align=""center"" data-rt-max-width="""" data-rt-max-height=""33.723653395784545%"" data-rt-dimensions=""854:480"" data-page-url=""https://www.youtube.com/watch?v=fa4oKi4cHZw""><div><iframe allowfullscreen=""true"" frameborder=""0"" scrolling=""no"" src=""https://www.youtube.com/embed/fa4oKi4cHZw"" title=""Jefferson County students build intergenerational friendships""></iframe></div></figure><p id="""">The success of this event has reiterated my belief in the power of intergenerational connections. They have the potential to enrich lives, foster mutual respect, and create an environment of understanding and empathy. The students not only offered our residents a refreshing perspective, but they also gained valuable wisdom from our residents' life experiences.</p><p id="""">The B.I.O.N.I.C. team's work has set an excellent example for other communities and we, at Gardens on Quail, are incredibly grateful to have been a part of it. It's been a heartwarming experience to witness our residents and these young students connect and grow together. We look forward to more such enriching interactions in the future.</p><p id="""">With warm regards,</p><p id="""">Leigh</p><p id="""">‍</p>","Recently, we had 12 of our residents visit Jefferson High School for a unique and engaging intergenerational event.",https://uploads-ssl.webflow.com/637e82335616ba47c774e6bc/646d1514e6e1913989e1ffa2_thumb.webp,https://uploads-ssl.webflow.com/637e82335616ba47c774e6bc/646d1516da0d2d923106bd7f_thumb-small.webp,true,,Activities,mariah-ruell,general,https://uploads-ssl.webflow.com/637e82335616ba47c774e6bc/646d15e4b24ee8c5a947f620_1.webp,https://uploads-ssl.webflow.com/637e82335616ba47c774e6bc/646d15e6b24ee8c5a947f7bb_2.webp,https://uploads-ssl.webflow.com/637e82335616ba47c774e6bc/646d15e812047b474587371e_3.webp,Wed Mar 01 2023 00:00:00 GMT+0000 (Coordinated Universal Time)
Catching Air: A Day of Parachute Fun,catching-air-a-day-of-parachute-fun,646cf8827ce45f61d4caed9f,6644f0442a0c5db1b5f586ce,false,false,Wed May 15 2024 17:26:28 GMT+0000 (Coordinated Universal Time),Thu Jul 17 2025 14:17:02 GMT+0000 (Coordinated Universal Time),Thu Jul 17 2025 15:41:20 GMT+0000 (Coordinated Universal Time),"<p id="""">Inside the common area of our <a href=""/living-options/memory-care"">memory care</a> neighborhood our residents came together for an exhilarating day of parachute games. The event was a vibrant blend of color, movement, and laughter, proving that fun isn’t just an outdoor activity!</p><p id=""""><strong id="""">A Colorful Canopy of Joy</strong></p><p id="""">With a large, colorful parachute in hand, our residents gathered around in a circle, gripping the handles tightly. The room echoed with laughter as we shook the parachute up and down, causing our Broncos themed lightweight balls to bounce whimsically on the colorful canvas. The backdrop of our familiar common area added a cozy touch to the lively scene.</p><p id=""""><strong id="""">Fun Meets Fitness</strong></p><p id="""">This activity was more than just fun; it was a sneaky form of exercise. The residents engaged their arms and shoulders, lifting and lowering the parachute, which is great for maintaining upper body strength. The best part? Everyone was having so much fun, they barely noticed they were exercising.</p><p id=""""><strong id="""">Laughter and Connections</strong></p><p id="""">It’s moments like these that strengthen our community. Watching the parachute's colors ripple across the room brought out smiles and encouraged everyone to interact and enjoy the moment together. It was a beautiful sight—vibrant colors and happy faces all around.</p><p id=""""><strong id="""">Stay Tuned for More</strong></p><p id="""">A big thank you to all the staff and residents who made this indoor parachute day a blast. We’re always looking forward to more creative and engaging activities here at <a href=""/living-options/memory-care"">Arvada's top Memory Care unit</a> at the Gardens on Quail.</p><p>‍</p>","Discover how we combine fun, exercise, and community spirit in our memory care program.",https://cdn.prod.website-files.com/637e82335616ba47c774e6bc/6644f0318f66b6010962c7a5_cover.avif,https://cdn.prod.website-files.com/637e82335616ba47c774e6bc/6644f035c5628d588b0a5d34_thumb.avif,false,,Activities,mariah-ruell,memory-care,https://cdn.prod.website-files.com/637e82335616ba47c774e6bc/6644f03aa979ae52bccc391c_gallery3.avif,https://cdn.prod.website-files.com/637e82335616ba47c774e6bc/6644f03c42811ee7d425a892_gallery2.avif,https://cdn.prod.website-files.com/637e82335616ba47c774e6bc/6644f03e4c59e796cc05e824_gallery1.avif,Tue Mar 26 2024 00:00:00 GMT+0000 (Coordinated Universal Time)
Discussing Elder Care: Nurturing Open and Supportive Conversations with Your Loved One,discussing-elder-care-nurturing-open-and-supportive-conversations-with-your-loved-one,646cf8827ce45f61d4caed9f,649282e9379758884a27bd63,false,false,Wed Jun 21 2023 04:56:09 GMT+0000 (Coordinated Universal Time),Thu Jan 30 2025 23:20:59 GMT+0000 (Coordinated Universal Time),Tue Jun 10 2025 13:56:34 GMT+0000 (Coordinated Universal Time),"<p id="""">Having meaningful discussions about elder care with your loved one can be emotionally challenging, yet it's an essential step in ensuring their well-being and future. </p><p id="""">At our facility, we understand the importance of open communication and the need for guidance in starting these conversations. In this post, we will explore helpful strategies and insights on how to initiate and navigate discussions about elder care with sensitivity, empathy, and respect.</p><ol id=""""><li id=""""><strong>Choose the Right Time and Place:</strong></li></ol><p id="""">Select a calm and comfortable environment where both you and your loved one can feel at ease. Find a time when you are both relaxed and not rushed, allowing for an uninterrupted and focused conversation.</p><ol start=""2"" id=""""><li id=""""><strong>Approach with Empathy:</strong></li></ol><p id="""">Acknowledge that discussing elder care may evoke a range of emotions. Show empathy and understanding towards your loved one's feelings, concerns, and fears. Create a safe space for open expression, ensuring they feel heard and validated.</p><ol start=""3"" id=""""><li id=""""><strong>Use Active Listening:</strong></li></ol><p id="""">Engage in active listening by giving your full attention to your loved one. Encourage them to share their thoughts, desires, and worries about their future care. Avoid interrupting or jumping to conclusions. Validate their feelings and provide reassurance that their voice matters.</p><ol start=""4"" id=""""><li id=""""><strong>Express Your Concerns:</strong></li></ol><p id="""">Share your observations and concerns regarding their well-being and safety. Discuss any changes in health, memory, or daily functioning that you have noticed. Emphasize that your intention is to support and ensure their happiness and comfort.</p><ol start=""5"" id=""""><li id=""""><strong>Focus on Shared Goals:</strong></li></ol><p id="""">Frame the conversation around shared goals and values. Highlight the benefits of elder care, such as <a href=""/our-community/activities""><strong>enhanced socialization</strong></a>, access to specialized services, and a secure and supportive environment. Reinforce that the ultimate objective is to ensure their overall well-being and happiness.</p><ol start=""6"" id=""""><li id=""""><strong>Collaborate and Involve Them:</strong></li></ol><p id="""">Involve your loved one in the decision-making process. Ask for their input, preferences, and desires regarding their care. Engage them in exploring different care options and encourage their active participation in visiting and evaluating potential facilities.</p><ol start=""7"" id=""""><li id=""""><strong>Provide Information and Resources:</strong></li></ol><p id="""">Equip yourself with information about <a href=""/decision-guide"">different types of care, services, and resources available</a>. Share this knowledge with your loved one to help them understand the possibilities and make informed decisions. Offer brochures, articles, or online resources that they can explore at their own pace.</p><ol start=""8"" id=""""><li id=""""><strong>Be Patient and Respectful:</strong></li></ol><p id="""">Remember that acceptance and decision-making may take time. Be patient and respectful of your loved one's pace and readiness to embrace the idea of elder care. Avoid pushing or imposing your own agenda, and be prepared for multiple conversations as their understanding and comfort levels evolve.</p><ol start=""9"" id=""""><li id=""""><strong>Involve Other Family Members:</strong></li></ol><p id="""">Incorporate the perspectives and support of other family members if possible. Encourage open dialogue among family members to ensure everyone is on the same page and working together to make the best decisions for your loved one's care.</p><ol start=""10"" id=""""><li id=""""><strong>Seek Professional Guidance:</strong></li></ol><p id="""">If needed, consult with elder care professionals, such as social workers or care advisors (we have some listed on our <a href=""/arvada-senior-guide""><strong>Arvada Senior Guide</strong></a>, who can provide expert advice, facilitate discussions, and address any concerns or questions. Their experience and guidance can be invaluable in navigating the complexities of elder care.</p><p id="""">Remember, discussing elder care requires patience, empathy, and open-mindedness. By approaching the conversation with love, respect, and understanding, you can foster an environment where your loved one feels supported, empowered, and involved in decisions about their care. Together, you can find a solution that prioritizes their well-being, happiness, and sense of belonging.</p><p id="""">At our facility, we are committed to supporting you and your loved one throughout this journey. Our compassionate team is available to provide guidance, answer questions, and help facilitate these important conversations. Together, we can ensure that your loved one receives the care they deserve in a nurturing</p><p id="""">‍</p>","Having meaningful discussions about elder care with your loved one can be emotionally challenging, yet it's an essential step in ensuring their well-being and future.",https://cdn.prod.website-files.com/637e82335616ba47c774e6bc/649282d3379758884a27a8f7_header.webp,https://cdn.prod.website-files.com/637e82335616ba47c774e6bc/649282d59d9c387565306bc4_thumb.webp,false,,Decision Guide,mariah-ruell,guide,,,,Wed Jun 21 2023 00:00:00 GMT+0000 (Coordinated Universal Time)
Easter Eggstravaganza,easter-eggstravaganza,646cf8827ce45f61d4caed9f,6644f7a263c32a0963f6e4ed,false,false,Wed May 15 2024 17:57:54 GMT+0000 (Coordinated Universal Time),Thu Jul 17 2025 14:16:38 GMT+0000 (Coordinated Universal Time),Thu Jul 17 2025 15:41:20 GMT+0000 (Coordinated Universal Time),"<p id="""">Spring is a time of renewal and celebration, and what better way to embrace the season than with a colorful <a href=""https://en.wikipedia.org/wiki/Easter_egg"">Easter egg dyeing</a> event at Gardens on Quail? Our residents gathered in the common area, transforming it into a vibrant workshop brimming with creativity and cheer.</p><p id=""""><strong id="""">A Palette of Possibilities</strong></p><p id="""">Armed with dyes in every hue, brushes, and a bounty of hard-boiled eggs, our residents set to work turning each egg into a masterpiece. The tables were strewn with newspapers, cups filled with colorful dyes, and plates of eggs ready for transformation. It was a festive setup that invited everyone to express their artistic flair.</p><p id="""">As the eggs dried on racks, residents shared their past Easter memories and traditions, connecting over stories from childhood egg hunts to family gatherings. This storytelling turned our crafting session into more than just an activity; it was a meaningful exchange of memories and a forging of new ones.</p><p id=""""><strong id="""">Looking Forward to More Festivities</strong></p><p id="""">Thank you to all the residents and staff who participated in making this Easter egg dyeing event a success. It’s these moments of joy and community that make Gardens on Quail a special place to live.</p><p id="""">Stay tuned to our <a href=""/our-community/activities"">event calendar</a> for more seasonal celebrations and activities that bring color and cheer to our Assisted Living and Memory Care community!</p><p>‍</p>",A delightful recap of our Easter egg dyeing event! Discover the creativity and community spirit that brightened our celebration of spring.,https://cdn.prod.website-files.com/637e82335616ba47c774e6bc/6644f73449191108f3a67325_cover.avif,https://cdn.prod.website-files.com/637e82335616ba47c774e6bc/6644f73643052cff073b0b71_thumbnail.avif,false,,Activities,mariah-ruell,general,https://cdn.prod.website-files.com/637e82335616ba47c774e6bc/6644f79d04927d10a26c8588_gallery1.avif,,,Thu Mar 28 2024 00:00:00 GMT+0000 (Coordinated Universal Time)
Farm Fresh Delights,farm-fresh-delights,646cf8827ce45f61d4caed9f,6644fb0bdce9c23adda4904c,false,false,Wed May 15 2024 18:12:27 GMT+0000 (Coordinated Universal Time),Thu Jul 17 2025 14:16:18 GMT+0000 (Coordinated Universal Time),Thu Jul 17 2025 15:41:20 GMT+0000 (Coordinated Universal Time),"<p id="""">This August, the residents of Gardens on Quail enjoyed a slice of farm life right in our own backyard. We had the pleasure of shucking fresh corn delivered straight from the Oschner family farm. The event was not just a prelude to a delicious meal prepared by Chef Melissa and her team but also a wonderful opportunity for community engagement and sharing stories of agricultural heritage.</p><p id=""""><strong id="""">A Hands-On Experience</strong></p><p id="""">Residents gathered around in our central lobby, rolling up their sleeves and diving into the task of shucking. The rhythmic sounds of husks being peeled back mixed with residents’ laughter and chatter, creating a lively atmosphere that energized everyone involved.</p><p id=""""><strong id="""">From Farm to Table</strong></p><p id="""">Chef Melissa explained the journey of the corn from farm to table, emphasizing the importance of supporting local farms and enjoying seasonal produce. As residents worked, she shared tips on cooking corn and discussed various recipes that would later transform our freshly shucked corn into a gourmet treat for dinner.</p><p id=""""><strong id="""">The Joy of Sharing</strong></p><p id="""">Shucking corn together not only brought back memories for many of our residents who recalled their own experiences with gardening and farming but also fostered a sense of accomplishment. There’s something truly satisfying about preparing food that you've had a hand in harvesting.</p><p id=""""><strong id="""">Culinary Celebrations</strong></p><p id="""">The fruits of our labor were soon enjoyed by all, as Chef Melissa and her team served up the freshly cooked corn at dinner. The sweet, buttery flavor of the corn was a testament to the freshness of the produce and the skill of our kitchen team. The meal was a hit, with residents complimenting the chef and her team for the delicious preparation that highlighted the natural sweetness of the corn.</p><p id=""""><strong id="""">Grateful for Nature's Bounty</strong></p><p id="""">Events like these are a delightful reminder of the simple pleasures of eating well and sharing a meal. We are thankful to the Oschner family farm for providing us with such high-quality produce and to our residents and staff for participating in this joyful summer activity.</p><p id="""">Stay tuned to <a href=""/blog"">our blog</a> for more stories and updates from the Gardens on Quail as we continue to celebrate the seasons with great food and even better company!</p><p>‍</p>","Relive the joy of our Corn Shucking Day at the Gardens on Quail, where residents enjoyed fresh produce from the Oschner family farm and a delightful farm-to-table meal prepared by Chef Melissa and her team.",https://cdn.prod.website-files.com/637e82335616ba47c774e6bc/6644fa7aebd36a820d1f741a_cover.avif,https://cdn.prod.website-files.com/637e82335616ba47c774e6bc/6644fa7797cdf3b7330e3853_thumbnail.avif,false,,,mariah-ruell,,https://cdn.prod.website-files.com/637e82335616ba47c774e6bc/6644fa7ff9ad661ae7de4676_gallery1.avif,https://cdn.prod.website-files.com/637e82335616ba47c774e6bc/6644fa814ac9928591f146d0_gallery2.avif,,Wed Aug 23 2023 00:00:00 GMT+0000 (Coordinated Universal Time)
Gardens on Quail's Craft Show Extravaganza: More Than Just Crafts,gardens-on-quails-craft-show-extravaganza-more-than-just-crafts,646cf8827ce45f61d4caed9f,65395dbbb73e1c0799ed03da,false,false,Wed Oct 25 2023 18:26:03 GMT+0000 (Coordinated Universal Time),Thu Jul 17 2025 14:18:20 GMT+0000 (Coordinated Universal Time),Thu Jul 17 2025 15:41:20 GMT+0000 (Coordinated Universal Time),"<p id="""">Hello, Leigh here from Gardens on Quail, and I’m thrilled to share how our recent Craft Show Extravaganza unfolded. We held the event this past Saturday, and it was a resounding success!</p><h3 id="""">Supporting the Alzheimer's Association</h3><p id="""">Firstly, I want to express my deepest thanks to everyone who participated and visited the Craft Show. We dedicated this event not only to creativity but also to philanthropy. All the proceeds from table rentals went straight to the <a href=""https://www.alz.org/"" id="""">Alzheimer's Association </a>to fund their invaluable research and support services.</p><h3 id="""">The Creative Feast</h3><p id="""">Local artisans brought their incredible handcrafted items to display and sell. From unique home decor to personalized gifts, the range of talent was truly amazing. It was a fantastic opportunity to support local artisans while finding one-of-a-kind pieces.</p><h3 id="""">The Raffle</h3><p id="""">The day was not complete without our raffle. Thank you to everyone who participated and congratulations to our winners! We had some truly fantastic door prizes that added an extra layer of excitement to the event.</p><h3 id="""">Community Spirit</h3><p id="""">This event reaffirmed the strength of our local community. Your support not only made the Craft Show successful but also significantly contributed to a crucial cause and help our residents in our <a href=""/living-options/memory-care"" id="""">Memory Care community</a>. We couldn't have done it without you.</p><h3 id="""">Looking Forward</h3><p id="""">Based on the success of this Craft Show Extravaganza, we are already excitedly planning future community events. Stay tuned for more details!</p><p id="""">Best,|<br>Mariah</p>",Read about the dual success of Gardens on Quail’s Craft Show in supporting local artisans and raising funds for the Alzheimer's Association.,https://cdn.prod.website-files.com/637e82335616ba47c774e6bc/65395cc5fa6129787b55f58e_cover.avif,https://cdn.prod.website-files.com/637e82335616ba47c774e6bc/653962ea7c4a3f6ad8c0edda_thumb.avif,false,,Activities,mariah-ruell,general,https://cdn.prod.website-files.com/637e82335616ba47c774e6bc/65395d5c50940126bdad94b5_craft1.avif,https://cdn.prod.website-files.com/637e82335616ba47c774e6bc/65395e3e9aa74680a6077b13_2.avif,https://cdn.prod.website-files.com/637e82335616ba47c774e6bc/65395d9ad8043469663ad600_craft3.avif,Sun Jul 23 2023 00:00:00 GMT+0000 (Coordinated Universal Time)
Goat Yoga: A Delightful Day Filled with Smiles at Gardens on Quail,goat-yoga-a-delightful-day-filled-with-smiles-at-gardens-on-quail,646cf8827ce45f61d4caed9f,646d1cc9c3223475b7065137,false,false,Tue May 23 2023 20:06:33 GMT+0000 (Coordinated Universal Time),Thu Jul 17 2025 14:19:50 GMT+0000 (Coordinated Universal Time),Thu Jul 17 2025 15:41:20 GMT+0000 (Coordinated Universal Time),"<p id="""">Today, I bring you the highlights of a unique event that has brought an extraordinary amount of joy and laughter to our residents: a visit from <a href=""https://rockymountaingoatyoga.com/"">Rocky Mountain Goat Yoga</a>!</p><p id="""">While our residents might not have perfected the Downward Dog or the Warrior pose, they certainly enjoyed handing out goat treats, which quickly turned into a mix of giggles, baa-maste moments, and adorable photo ops.</p><p id="""">These little creatures, roaming freely around our residents in our <a href=""https://www.gardensonquail.com/our-community/amenities"">interior courtyard</a>, brought an air of fun and playfulness that had everyone grinning from ear to ear.</p><p id="""">Rocky Mountain Goat Yoga is a unique organization, which blends the therapeutic attributes of yoga and animal companionship. The baby goats are rescued animals, many of whom have faced neglect or abandonment early in their lives. So, in addition to filling our day with joy, our goat visit played a part in offering these lovable animals a healthier and happier lifestyle.</p><p id="""">Jim Naron, who launched Rocky Mountain Goat Yoga in 2017, has been creating these unique yoga experiences in Colorado, inspired by Laney Morse from Oregon. By maintaining a sustainable herd through collaborations with local goat rescues, Rocky Mountain Goat Yoga continues to spread joy while prioritizing animal welfare.</p><p id="""">Witnessing our residents' faces light up with joy as they interacted with these friendly goats was an incredible experience. Even though some of our yoga enthusiasts may not have achieved the perfect yoga pose, they got something far more valuable – a day filled with joy, laughter, and connections.</p><p id="""">Thank you, Rocky Mountain Goat Yoga, for bringing this delightful event to our community. Our residents and staff alike are still chuckling over the sheer fun of the day. We look forward to more such heartwarming and entertaining events in the future!</p><p id="""">With warmest regards,</p><p id="""">‍</p>",I bring you the highlights of a unique event that has brought an extraordinary amount of joy and laughter to our residents,https://cdn.prod.website-files.com/637e82335616ba47c774e6bc/646d19840ebdf71c9eb8d4e8_thumbnail.avif,https://cdn.prod.website-files.com/637e82335616ba47c774e6bc/646d1986fd701cbdf21171e6_thumbnail-small.avif,false,,Activities,mariah-ruell,general,https://cdn.prod.website-files.com/637e82335616ba47c774e6bc/646d1a4dfd701cbdf21220c2_1.avif,https://cdn.prod.website-files.com/637e82335616ba47c774e6bc/646d1a4f7e6466e0a82d793d_2.avif,https://cdn.prod.website-files.com/637e82335616ba47c774e6bc/646d1a522f15e231b8d4b570_3.avif,Tue Apr 18 2023 00:00:00 GMT+0000 (Coordinated Universal Time)
Growing Together: The Magic of Gardens on Quail's Garden Club and Community Gardens in Arvada,growing-together-the-magic-of-gardens-on-quails-garden-club-and-community-gardens-in-arvada,646cf8827ce45f61d4caed9f,646cfc879f8b95289244b96c,false,false,Tue May 23 2023 17:48:55 GMT+0000 (Coordinated Universal Time),Mon Jul 15 2024 18:27:40 GMT+0000 (Coordinated Universal Time),Tue Jun 10 2025 13:56:34 GMT+0000 (Coordinated Universal Time),"<p id="""">Hello there!</p><p id="""">I'm Leigh, the Executive Director at Gardens on Quail, an award-winning Assisted Living and Independent Plus facility right here in Arvada. Today, I'm excited to share with you the beauty and joy we find in our Garden Club, and the green tapestry of community gardens scattered throughout our lovely city.</p><p id="""">Every spring, our Garden Club comes alive with residents who are ready to get their hands dirty and hearts full. There's something enchanting about planting a seed, nurturing it with care, and watching it grow into a beautiful flower or a delicious vegetable. At Gardens on Quail, our raised garden beds offer everyone - from gardening veterans to enthusiastic beginners - a chance to experience this magic.</p><p id="""">But our Garden Club is more than just about gardening. It's a vibrant social club that brings us all together, strengthening the fabric of our community. We share stories, laughter, and advice over the garden beds, fostering bonds that continue to bloom much like our plants.</p><p id="""">Here in Arvada, we're incredibly fortunate to have a strong network of community gardens that embody the same spirit. These shared spaces offer a beautiful platform for individuals to come together, connect with nature, and contribute to the local ecosystem.</p><p id="""">Arvada's community gardens, such as the one at <a href=""https://dug.org/find-gardens/north-arvada-middle-school-community-garden/"" id="""">North Arvada Middle School Community Garden</a>, <a href=""https://www.commonearthcommunitygarden.org/"" id="""">Common Earth Garden</a> or <a href=""https://www.roserootsgarden.org/"" id="""">Rose Roots Community Garden</a>, are wonderful places that cultivate not just plants but also a strong sense of belonging and stewardship. Many residents find joy and a sense of purpose in nurturing a plot, and the harvest becomes a sweet reward for their efforts. If you are just getting started gardening there are <a href=""https://www.meetup.com/acg-garden-classes/events/291416394/"" id="""">monthly classes</a> available as well</p><p id="""">Whether it's our Garden Club or the community gardens around Arvada, these green spaces hold a mirror to our collective spirit - one of resilience, growth, and unity. They remind us that, much like a seed transforming into a plant, we too have the potential to grow and bloom wherever we are planted.</p><p id="""">I invite you to experience this firsthand. Join us at our Garden Club or explore a community garden in Arvada. It's a wonderful journey of growth, both for yourself and for the community around you.</p><p id="""">Until next time, keep growing!</p><p id="""">‍</p>","Every spring, our Garden Club comes alive with residents who are ready to get their hands dirty and hearts full. ",https://uploads-ssl.webflow.com/637e82335616ba47c774e6bc/646d02d5359ae224a05020a6_thumbnail.webp,https://uploads-ssl.webflow.com/637e82335616ba47c774e6bc/646d02d7eb751541733627ba_thumbnail-small.webp,false,,Activities,mariah-ruell,general,https://uploads-ssl.webflow.com/637e82335616ba47c774e6bc/646cfc9fade6b9933abec6fe_1.webp,https://uploads-ssl.webflow.com/637e82335616ba47c774e6bc/646cfca13d9feb4cf161f0fc_2.webp,,Fri May 19 2023 00:00:00 GMT+0000 (Coordinated Universal Time)
Hallway Bowling: A Memory Care Strike!,hallway-bowling-a-memory-care-strike,646cf8827ce45f61d4caed9f,647f3e2aedb551b8ee7f758c,false,false,Tue Jun 06 2023 14:09:46 GMT+0000 (Coordinated Universal Time),Thu Jul 17 2025 14:19:06 GMT+0000 (Coordinated Universal Time),Thu Jul 17 2025 15:41:20 GMT+0000 (Coordinated Universal Time),"<p id="""">Hello, Gardens on Quail family,</p><p id="""">Leigh here, your Executive Director at Gardens on Quail, with another heartwarming update from our beloved <a href=""/living-options/memory-care""><strong>Memory Care</strong></a> unit.</p><p id="""">You might be surprised to hear this, but our corridors recently transformed into a bustling bowling alley! That's right, we had an exhilarating afternoon of indoor bowling, with plenty of strikes, cheers, and laughter filling our hallways. The sight of our residents beaming with joy and engaging in friendly competition was truly a delight to witness.</p><p id="""">Bowling, as simple as it may seem, is a fantastic activity for our memory care residents. It provides both a physical and mental workout that promotes coordination, balance, and cognitive skills. Not only is it a fun and social activity, but it also plays a crucial role in encouraging physical exercise, promoting cardiovascular health, and stimulating neural connections.</p><p id="""">It's always inspiring to see our residents thrive and enjoy these interactive activities that have been tailored to benefit their physical and cognitive wellbeing. Seeing their excitement when they hit a strike or make a spare, cheering each other on, and eagerly taking their turn, not only builds camaraderie but also fosters a sense of accomplishment.</p><p id="""">At Gardens on Quail, we are continually working to provide our residents with a variety of fun and <a href=""/our-community/activities""><strong>beneficial activities</strong></a>. Our dedicated team always ensures these activities are designed to promote our residents' health and happiness while creating an engaging and joyful environment.</p><p id="""">This indoor bowling event has certainly set the bar high, but we are excited about the future activities planned for our wonderful residents. I am personally looking forward to sharing more uplifting stories from our Memory Care unit.</p><p id="""">Stay tuned for more updates, and remember, the game of life continues here at Gardens on Quail, and we're all striving for that perfect strike!</p><p id="""">With warm regards,</p><p id="""">Leigh Boney<br>Executive Director, Gardens on Quail</p><p id="""">‍</p>",Embrace the spirit of resilience and enjoyment exhibited by our memory care residents during our fun-filled indoor bowling event.,https://cdn.prod.website-files.com/637e82335616ba47c774e6bc/647f3ccf83e2061e4ea29dd0_cover.avif,https://cdn.prod.website-files.com/637e82335616ba47c774e6bc/647f3d45b4328c0f07888103_thumb.avif,false,,Activities,mariah-ruell,memory-care,https://cdn.prod.website-files.com/637e82335616ba47c774e6bc/647f3e2298f1f83d49f09a23_1.avif,https://cdn.prod.website-files.com/637e82335616ba47c774e6bc/647f3e248a8e5816d8c0ae94_2.avif,https://cdn.prod.website-files.com/637e82335616ba47c774e6bc/647f3e27296b2ca93c50d82c_3.avif,Fri Feb 03 2023 00:00:00 GMT+0000 (Coordinated Universal Time)
Hawaiian Luau for a Cause!,hawaiian-luau-for-a-cause,646cf8827ce45f61d4caed9f,647f39572fcff739ae86b560,false,false,Tue Jun 06 2023 13:49:11 GMT+0000 (Coordinated Universal Time),Thu Jul 17 2025 14:19:14 GMT+0000 (Coordinated Universal Time),Thu Jul 17 2025 15:41:20 GMT+0000 (Coordinated Universal Time),"<p id="""">I’m thrilled to announce an exciting event that will bring a slice of paradise to our community - our Hawaiian Luau, scheduled for June 9th in our courtyard. This isn't just about enjoying the tropical vibe; it's about celebrating community and supporting a meaningful cause.</p><p id="""">Your $35 ticket transports you to a Hawaiian getaway, beginning with a tantalizing lunch at 12:00 pm that promises to delight your taste buds with tropical flavors. Then, at 1:30 pm, we dive into an assortment of games, filled with laughter, camaraderie, and the chance to win some bragging rights!</p><p id="""">The fun doesn't stop there. At 2:30 pm, we invite you to sway to the rhythm of Hawaiian music, immerse yourself in the festivities, and maybe even show off your hula skills! Whether you’re an avid dancer or prefer to enjoy the music from your seat, it promises to be an afternoon of delightful entertainment.</p><p id="""">What makes this event even more special is that all the proceeds will be directed towards the <a href=""https://alzfdn.org/""><strong>Alzheimer's Foundation</strong></a>. By joining us at this event, not only are you in for a fantastic day, but you're also contributing to a very important cause.</p><p id="""">Make sure you RSVP to Candra to secure your spot. We’re excited to share this day filled with food, fun, and community spirit with you.</p><p id="""">Looking forward to seeing you all in your best Hawaiian outfits!</p><p id="""">Aloha until then,</p><p id="""">Leigh Boney</p><p id="""">‍</p>","You are invited to our Hawaiian Luau on June 9th, a tropical-themed event supporting the Alzheimer's Foundation with food, games, and dancing in the heart of our community.",https://cdn.prod.website-files.com/637e82335616ba47c774e6bc/647f3873d811211f5660c229_cover.avif,https://cdn.prod.website-files.com/637e82335616ba47c774e6bc/647f3875d9008b413d737ded_thumb.avif,false,,Activities,mariah-ruell,general,https://cdn.prod.website-files.com/637e82335616ba47c774e6bc/647f39505b177315d90fea5d_gallery1.avif,,,Tue Jun 06 2023 00:00:00 GMT+0000 (Coordinated Universal Time)
"Hope, Crafts, and Community: Gardens on Quail Joins the Fight to End Alzheimer’s",hope-crafts-and-community-gardens-on-quail-joins-the-fight-to-end-alzheimers,646cf8827ce45f61d4caed9f,684b1edc4479a38eba002875,false,false,Thu Jun 12 2025 18:39:24 GMT+0000 (Coordinated Universal Time),Thu Jul 17 2025 14:26:43 GMT+0000 (Coordinated Universal Time),Thu Jul 17 2025 15:41:20 GMT+0000 (Coordinated Universal Time),"<p id="""">Gardens on Quail invites you to be part of something powerful—a day where creativity meets compassion. </p><p id="""">On <strong id="""">Friday, June 21st from 10 AM to 3 PM</strong>, we are hosting our annual <strong id="""">Craft Fair Fundraiser</strong> in support of the <strong id="""">Alzheimer’s Association Walk to End Alzheimer’s</strong>.</p><p id="""">As proud members of <strong id="""">The Forget Me Knot Family</strong>, our team includes passionate staff and supporters from all four Stage Management communities: Gardens on Quail, Golden Pond, Gardens at Columbine, and Stonebridge. Together, we walk not only to raise funds, but to honor the residents and families we serve every single day.</p><p id="""">In 2024, our united team raised over <strong id="""">$23,500</strong>, earning second place in the Denver Walk. This year, we’re aiming even higher with a <strong id="""">goal of $30,000</strong>—and you can help us reach it.</p><p id="""">Join us at the Gardens on Quail Craft Fair to:</p><ul id=""""><li id="""">Discover one-of-a-kind handcrafted items from local artisans</li><li id="""">Win fun door prizes</li><li id="""">Support Alzheimer’s research, care, and advocacy with every purchase</li></ul><p id="""">Whether you become a vendor, make a donation, or simply attend to shop and show your support, you’re helping to make a real difference in the lives of those facing Alzheimer’s.</p><p id="""">📧 Interested in being a vendor? Email <strong id="""">Holly Eames at </strong><a id=""""><strong id="""">heames@goldenpond.com</strong></a><br>📱 Ready to walk with us or donate? Visit <strong id="""">our team page:&nbsp;</strong><a href=""https://act.alz.org/site/TR/Walk2025/CO-Colorado?team_id=951161&pg=team&fr_id=18473"" id=""""><strong id="""">https://act.alz.org/site/TR/Walk2025/CO-Colorado?team_id=951161&amp;pg=team&amp;fr_id=18473 </strong></a>.</p><p id="""">Let’s make every step—and every stitch—count. 💜</p><p id="""">‍</p>",Join us on a day where creativity meets compassion.,https://cdn.prod.website-files.com/637e82335616ba47c774e6bc/684b1fc22d7f2aec0ca9d9e9_CRAFTFAIR-ezgif.com-resize.webp,https://cdn.prod.website-files.com/637e82335616ba47c774e6bc/684b1fc22d7f2aec0ca9d9e9_CRAFTFAIR-ezgif.com-resize.webp,false,,Activities,mariah-ruell,general,https://cdn.prod.website-files.com/637e82335616ba47c774e6bc/684b1fced3bba73d58828387_01ae7bc9-86a0-425e-9bed-8dcc2bad24dd.png,,,Sun Jun 01 2025 00:00:00 GMT+0000 (Coordinated Universal Time)
Navigating the Emotional Journey: Finding Comfort and Support in Choosing an Elder Care Facility,navigating-the-emotional-journey-finding-comfort-and-support-in-choosing-an-elder-care-facility,646cf8827ce45f61d4caed9f,64926ee2c63f0d9660375143,false,false,Wed Jun 21 2023 03:30:42 GMT+0000 (Coordinated Universal Time),Thu Jan 30 2025 23:21:14 GMT+0000 (Coordinated Universal Time),Tue Jun 10 2025 13:56:34 GMT+0000 (Coordinated Universal Time),"<p id="""">Making the decision to transition to an elder care facility is not just a practical process; it's an emotional journey filled with a myriad of feelings. It's normal to experience a range of emotions, from excitement and relief to anxiety and sadness. </p><p id="""">At The Gardens on Quail, we understand the significance of this decision, and we're here to support you every step of the way. Below, we'll explore the emotional aspects of choosing a senior care facility for yourself or a loved one and provide guidance on finding comfort and support during this transformative time.</p><p id=""""><strong id="""">Embracing Change:</strong> Choosing an elder care facility marks a significant transition, both for the individual moving and their loved ones. It's natural to feel a mix of emotions, including:</p><ul id=""""><li id=""""><strong id="""">Anticipation</strong>: Excitement and hope for new opportunities and experiences.</li><li id=""""><strong id="""">Anxiety</strong>: Worries about the unknown, leaving familiar surroundings, and adjusting to a new routine.</li><li id=""""><strong id="""">Sadness and Loss</strong>: Grieving the loss of independence, a former home, or the role of primary caregiver for a loved one.</li><li id=""""><strong id="""">Guilt:</strong> Feeling guilty about not being able to provide the level of care needed or about needing support oneself.</li><li id=""""><strong id="""">Relief</strong>: Recognizing the relief that comes from accessing professional care, ensuring safety and specialized assistance.</li><li id=""""><strong id="""">Optimism</strong>: Embracing the potential for new friendships, engaging activities, and a supportive community.</li></ul><p id=""""><strong id="""">Finding Comfort and Support:</strong></p><ul id=""""><li id=""""><strong id="""">Acknowledge and Express Your Feelings</strong>: Allow yourself to process and express your emotions openly. Share your thoughts with trusted family members, friends, or support groups who can provide understanding and empathy.</li><li id=""""><strong id="""">Seek Guidance from Professionals:</strong> Our experienced staff and elder care experts are here to offer guidance, answer questions, and provide emotional support throughout the decision-making process.</li><li id=""""><strong id="""">Take Time for Self-Care</strong>: Engage in activities that bring you joy and relaxation. Prioritize self-care to replenish your emotional well-being and reduce stress.</li><li id=""""><strong id="""">Stay Connected</strong>: Maintain social connections with friends and family members. Regular communication and visits can help foster a sense of support and connection.</li><li id=""""><strong id="""">Focus on the Positives</strong>: Shift your mindset towards the positive aspects of the new living arrangement, such as the specialized care, new opportunities for socialization, and engaging activities available in an elder care facility.</li><li id=""""><strong id="""">Engage in the Transition Process</strong>: Involve yourself in the transition process, such as personalizing the new living space, participating in orientation programs, and getting to know the staff and fellow residents.</li></ul><p id="""">Real-life stories of individuals who have successfully navigated the emotional journey of choosing an elder care facility can provide inspiration and reassurance. We encourage you to read personal testimonials on our blog or speak with current residents and their families to gain insight into their experiences.</p><p id="""">Remember, you are not alone—reach out to our caring staff, connect with others who have gone through similar experiences, and embrace the positive aspects of this new chapter. Together, we will navigate the emotional journey and ensure that you or your loved one finds comfort, support, and a fulfilling life in our community.</p><p id="""">‍</p>",We explore the emotional aspects of choosing a senior care facility for yourself or a loved one and provide guidance on finding comfort and support during this transformative time.,https://cdn.prod.website-files.com/637e82335616ba47c774e6bc/6492750c54274f9c4625e997_header.webp,https://cdn.prod.website-files.com/637e82335616ba47c774e6bc/6492750f7c8c4a9efebf62da_thumb.webp,false,,Decision Guide,mariah-ruell,general; guide; transition,,,,Wed Jun 21 2023 00:00:00 GMT+0000 (Coordinated Universal Time)
Say “Aloha!” to Summer: Join Us for a Luau Celebration,say-aloha-to-summer-join-us-for-a-luau-celebration,646cf8827ce45f61d4caed9f,68790a85ebef85c7abb89a95,false,false,Thu Jul 17 2025 14:36:53 GMT+0000 (Coordinated Universal Time),Thu Jul 17 2025 14:45:01 GMT+0000 (Coordinated Universal Time),Thu Jul 17 2025 15:41:20 GMT+0000 (Coordinated Universal Time),"<p id="""">Sometimes summer asks us to slow down, kick off our shoes, and let a warm breeze do the talking. That’s exactly what we’re planning for <strong id="""">Wednesday, July 30 at 11:00 AM</strong> when our courtyard turns into a mini-Hawaii—grass skirts swishing, smoky barbecue on the grill, ukulele chords floating over the flowers.</p><p id=""""><strong id="""">Why we’re excited</strong><br>We’ve discovered that the best moments in our community aren’t scripted; they happen between residents swapping stories or a grandkid learning a hula move from their grandparent. A luau gives everyone—long-time residents, new families, curious neighbors—a reason to pull up a chair (or jump on the dance floor) and simply enjoy one another.</p><p id=""""><strong id="""">What the morning looks like</strong></p><ul id=""""><li><strong id="""">Live hula dancers &amp; music</strong> – Most of us don’t know the steps, and that’s the fun of it.</li><li><strong id="""">Backyard-style Hawaiian BBQ</strong> – Think kalua pork, pineapple, and sides that taste like sunshine.</li><li><strong id="""">Easy games on the lawn</strong> – Nothing competitive; just laughter and maybe a little friendly teasing.</li><li><strong id="""">Open doors</strong> – Wander through the greenhouse, peek at the model apartments, or sit by the train set in the heated courtyard. Stay as long as you like.</li></ul><p id="""">Bring a spouse, an adult child, or a friend who’s wondering what senior living can feel like when it’s done with heart. There’s no program to sit through and no sales pitch—just people, music, and food.</p><p id=""""><strong id="""">Let us know you’re coming</strong><br>A quick heads-up helps us make sure there’s enough brisket (and shade) for everyone.</p><p id=""""><em id="""">Phone:</em> 303-456-1500<br><em id="""">Email:</em> <a id="""">justin@gardensonquail.com</a></p><p id="""">If you can’t make it but want to drop by another day, reach out anytime. Otherwise, we’ll have a lei waiting for you on July 30th. Until then—aloha, friends.</p><p>‍</p>",Join us July 30 at 11:00 AM when our courtyard turns into a mini-Hawaii,https://cdn.prod.website-files.com/637e82335616ba47c774e6bc/68790c59ed1fcec1f9e2be8c_luau-ezgif.com-png-to-webp-converter.webp,https://cdn.prod.website-files.com/637e82335616ba47c774e6bc/68790c59ed1fcec1f9e2be8c_luau-ezgif.com-png-to-webp-converter.webp,false,,Activities,mariah-ruell,general,,,,Thu Jul 17 2025 00:00:00 GMT+0000 (Coordinated Universal Time)
Senior Living Glossary: Understanding Key Terms and Concepts,senior-living-glossary-understanding-key-terms-and-concepts,646cf8827ce45f61d4caed9f,649277685674f584818ce6d5,false,false,Wed Jun 21 2023 04:07:04 GMT+0000 (Coordinated Universal Time),Thu Jan 30 2025 23:20:50 GMT+0000 (Coordinated Universal Time),Tue Jun 10 2025 13:56:34 GMT+0000 (Coordinated Universal Time),"<p id="""">Navigating the world of senior living can be overwhelming, especially with the abundance of terminology and acronyms used in the industry. </p><p id="""">To help you better understand these terms and concepts, we've compiled a comprehensive glossary of senior living terms. Whether you're exploring independent living, assisted living, memory care, or other options, this glossary will provide clarity and insight into the terminology commonly used in the senior living landscape.</p><p id=""""><strong id="""">ADLs</strong> (Activities of Daily Living):<br>ADLs refer to the essential everyday activities that individuals perform to take care of themselves, including bathing, dressing, grooming, eating, transferring, and toileting.</p><p id=""""><a href=""/living-options/assisted-living-2"" id=""""><strong id="""">AL</strong></a> (Assisted Living):<br>Assisted living is a type of senior housing that provides assistance with activities of daily living while promoting independence and offering a supportive environment for residents.</p><p id=""""><strong id="""">CCRC</strong> (Continuing Care Retirement Community):<br>CCRCs are senior living communities that offer a range of care options, including independent living, assisted living, and skilled nursing, allowing residents to age in place as their needs change.</p><p id=""""><a href=""/living-options/independent-living"" id=""""><strong id="""">IL </strong></a>(Independent Living):<br>Independent living communities are designed for active, self-sufficient older adults who desire a maintenance-free lifestyle, social engagement, and access to various amenities and services.</p><p id=""""><strong id="""">LTCI </strong>(Long-Term Care Insurance):<br>LTCI is an insurance policy that helps cover the costs associated with long-term care, including services provided in senior living communities, nursing homes, and home care.</p><p id=""""><a href="""" id=""""><strong id="""">MC</strong></a> (Memory Care):<br>Memory care is a specialized form of senior living designed for individuals with Alzheimer's disease, dementia, or other memory-related conditions. It offers tailored support, programs, and a secure environment to promote the well-being of residents.</p><p id=""""><strong id="""">SNF </strong>(Skilled Nursing Facility):<br>A skilled nursing facility, also known as a nursing home, provides 24-hour nursing care for individuals who require significant medical attention and assistance with daily activities.</p><p id=""""><a href=""/arvada-respite-care"" id=""""><strong id="""">Respite Care</strong></a>:<br>Respite care offers short-term relief to primary caregivers by providing temporary care for seniors in a senior living community or nursing home. It allows caregivers to take a break while ensuring their loved ones receive proper care.</p><p id=""""><strong id="""">Palliative Care</strong>:<br>Palliative care focuses on relieving symptoms and improving the quality of life for individuals with serious illnesses. It aims to address physical, emotional, and spiritual needs while providing comfort and support.</p><p id=""""><strong id="""">Age in Place:</strong><br>Age in place refers to the ability of individuals to remain in their chosen residence or community as they age, with access to necessary services and support. It allows seniors to maintain independence and receive appropriate care as needed.</p><p id=""""><strong id="""">Hospice Care</strong>:<br>Hospice care offers compassionate end-of-life support and comfort to individuals with terminal illnesses. It focuses on pain management, emotional support, and enhancing the quality of life for both the individual and their family.</p><p id="""">This glossary provides a starting point for understanding the terminology commonly used in the senior living industry. As you explore different care options and navigate your senior living journey, referring to this glossary will help you make informed decisions and have meaningful conversations with care providers and professionals. Remember, it's important to seek personalized advice from experts to ensure the best possible care for you or your loved one.</p>","Navigating the world of senior living can be overwhelming, especially with the abundance of terminology and acronyms used in the industry. ",https://cdn.prod.website-files.com/637e82335616ba47c774e6bc/64927933379758884a1ccd9f_header.webp,https://cdn.prod.website-files.com/637e82335616ba47c774e6bc/64927938379758884a1cd21c_thumbail.webp,false,,Decision Guide,mariah-ruell,guide,,,,Wed Jun 21 2023 00:00:00 GMT+0000 (Coordinated Universal Time)
Summer Fun Awaits: Gardens on Quail Craft Fair and Raffle,summer-fun-awaits-gardens-on-quail-craft-fair-and-raffle,646cf8827ce45f61d4caed9f,66be1873c792e73687ff1d40,false,false,Thu Aug 15 2024 15:02:11 GMT+0000 (Coordinated Universal Time),Thu Jul 17 2025 14:15:27 GMT+0000 (Coordinated Universal Time),Thu Jul 17 2025 15:41:20 GMT+0000 (Coordinated Universal Time),"<p id="""">Get ready for a day of creativity, fun, and community spirit at our <em id="""">Summer Craft Fair</em>! Join us this Saturday, <strong id="""">August 17th, 2024</strong>, from <strong id="""">10 AM to 4 PM</strong> for an event you won't want to miss!</p><h3 id="""">A Celebration of Crafts and Creativity</h3><p id="""">The Gardens on Quail will be transformed into a bustling marketplace featuring local artisans showcasing their unique, handcrafted treasures. Whether you're shopping for one-of-a-kind jewelry, home décor, or charming gifts, there's something for everyone to enjoy. Our Summer Craft Fair is the perfect opportunity to find that special item and support local talent.</p><h3 id="""">Family Fun and Prizes</h3><p id="""">In addition to the incredible crafts, we're making it a day full of family-friendly fun! Be sure to participate in our <strong id="""">door prize</strong> raffle. Tickets are available at <strong id="""">$1 for 1 ticket</strong> or <strong id="""">$5 for 6 tickets</strong>, with all proceeds going to the <a href=""https://act.alz.org/site/SPageServer/?pagename=walk_homepage"" id=""""><em id="""">Walk to End Alzheimer’s</em></a>. What better way to give back while also having the chance to win some exciting prizes?</p><h3 id="""">Supporting a Great Cause 💜</h3><p id="""">Beyond the crafts and entertainment, this event carries a deeper purpose. All the proceeds from the raffle will contribute to the <em id="""">Walk to End Alzheimer’s</em>, a cause close to our hearts. By attending, you’re not only supporting local artisans but also helping to raise awareness and funds for Alzheimer’s research and support.</p><p>If you can't make the event but still want to support us reaching our fundraiser goal, please donate here:&nbsp;<a href=""https://act.alz.org/site/TR?pg=team&fr_id=17491&team_id=877349&s_src=nuclavismobile&s_subsrc=Nucl_Web_TmsQRC"">https://act.alz.org/site/TR?pg=team&amp;fr_id=17491&amp;team_id=877349&amp;s_src=nuclavismobile&amp;s_subsrc=Nucl_Web_TmsQRC </a></p><h3 id="""">We Can’t Wait to See You!</h3><p id="""">Mark your calendar, gather your family, and invite your friends to join us for a wonderful day of shopping, fun, and community. The Gardens on Quail is excited to welcome you, and we can't wait to celebrate the summer with you—all while making a meaningful difference together.</p>","Join us this Saturday, August 17th at the Gardens on Quail Summer Craft Fair in Arvada, CO! Shop unique crafts, win prizes, and support Alzheimer’s awareness.",https://cdn.prod.website-files.com/637e82335616ba47c774e6bc/66be18027a945c8448165bd2_cover.avif,https://cdn.prod.website-files.com/637e82335616ba47c774e6bc/66be180d90019f61b5d6c8dc_thumnbail.avif,false,,Activities,mariah-ruell,general,,,,Thu Aug 15 2024 00:00:00 GMT+0000 (Coordinated Universal Time)
Swinging to the Classics: A Courtyard Concert,swinging-to-the-classics-a-courtyard-concert,646cf8827ce45f61d4caed9f,6644fec06e9e46134205e2ac,false,false,Wed May 15 2024 18:28:16 GMT+0000 (Coordinated Universal Time),Thu Jul 17 2025 14:15:48 GMT+0000 (Coordinated Universal Time),Thu Jul 17 2025 15:41:20 GMT+0000 (Coordinated Universal Time),"<p id="""">On a warm July evening, the air at Gardens on Quail was filled with the timeless tunes of the Big Band era, as the <a href=""http://www.jeffcobands.org/sentimental-sounds"">Sentimental Sounds Swing Band</a> took center stage in our courtyard. Our residents were treated to a spectacular concert featuring classics from legends like Glenn Miller, Duke Ellington, and Benny Goodman.</p><p id=""""><strong id="""">More Than Just Music</strong></p><p id="""">The Sentimental Sounds Swing Band, a talented group of volunteer musicians, brought more than just music to our community. They brought a spirit of joy and a reminder of the timeless appeal of swing music, which resonates with both young and old. Their passion for performing was evident as they delivered each song with energy and precision, creating an atmosphere of fun and festivity.</p><p id=""""><strong id="""">A Community United by Music</strong></p><p id="""">As the evening unfolded, the concert became more than an entertainment event; it was a gathering that brought our community together. Residents sang along to the tunes they remembered, sharing stories of their youth and the dances they once enjoyed. It was a beautiful sight to see generations come together, united by the universal language of music.</p><p id=""""><strong id="""">Gratitude and Looking Forward</strong></p><p id="""">We are incredibly grateful to the Sentimental Sounds Swing Band for their performance. Their dedication to sharing the joy of music and supporting their community through volunteer efforts made the evening truly special.</p><p id="""">Stay tuned to our <a href=""/our-community/activities"">event calendar</a> for more live events like this, as we continue to bring engaging and entertaining performances to our residents. And don't forget to check out the <a href=""https://www.facebook.com/SentimentalSoundsCo/photos"">band’s Facebook page</a> to see where they will be playing next!</p><p id="""">‍</p>","Discover how our residents relived the magic of the Big Band era with a night of dancing, nostalgia, and timeless music.",https://cdn.prod.website-files.com/637e82335616ba47c774e6bc/6644fe0ad49047fcba9c532c_cover.avif,https://cdn.prod.website-files.com/637e82335616ba47c774e6bc/6644fe0c4d41740577f9b4e6_thumbnail.avif,false,,Activities,mariah-ruell,general,https://cdn.prod.website-files.com/637e82335616ba47c774e6bc/6644feb850be69b589f46a0c_gallery2.avif,,https://cdn.prod.website-files.com/637e82335616ba47c774e6bc/6644febe011b12866a7e37e3_gallery3.avif,Wed Jul 26 2023 00:00:00 GMT+0000 (Coordinated Universal Time)
"Tie-Dye for a Cure: Craft, Shop & Make Memories at Gardens on Quail—June 21 💜",tie-dye-for-a-cure-craft-shop-make-memories-at-gardens-on-quail--june-21,646cf8827ce45f61d4caed9f,6852ddfca13eec1cc292e55a,false,false,Wed Jun 18 2025 15:40:44 GMT+0000 (Coordinated Universal Time),Thu Jul 17 2025 14:15:04 GMT+0000 (Coordinated Universal Time),Thu Jul 17 2025 15:41:20 GMT+0000 (Coordinated Universal Time),"<p id="""">Nothing brings people together quite like a swirl of bright color and a shared purpose. </p><p id="""">Earlier this month, our courtyard became a rainbow workshop as residents twisted, dipped, and revealed one-of-a-kind tie-dye shirts. Purple fingers flashed proud thumbs-ups, and each finished tee felt like a small flag of joy.</p><p id="""">Those wearable works of art make their public debut at our <a href=""http://www.gardensonquail.com/post/hope-crafts-and-community-gardens-on-quail-joins-the-fight-to-end-alzheimers"" id=""""><strong id="""">Craft Fair Fundraiser</strong></a> this <strong id="""">Friday, June 21, 10 AM–3 PM at Gardens on Quail in Arvada</strong>.</p><p id="""">Stroll through the fair to browse local jewelry, woodwork, soaps, art prints, baked goods—and the residents’ vibrant tie-dye creations. </p><p id="""">All proceeds support our <a href=""https://act.alz.org/site/TR/Walk2025/CO-Colorado?team_id=951161&pg=team&fr_id=18473"" id=""""><strong id="""">Forget Me Knot Family</strong></a> Walk to End Alzheimer’s team, aiming to raise $30k for research and caregiver programs.</p><p id="""">If you can’t make it in person, you’re welcome to cheer us on or donate online <a href=""https://act.alz.org/site/TR/Walk2025/CO-Colorado?team_id=951161&pg=team&fr_id=18473"" id="""">https://act.alz.org/site/TR/Walk2025/CO-Colorado?team_id=951161&amp;pg=team&amp;fr_id=18473</a>.</p><p id="""">We hope you’ll drop by, enjoy the color, and add your footsteps—or brushstrokes—to the effort. 💜</p><p id="""">‍</p>","Pick up a one-of-a-kind tie-dye tee—hand-made by Gardens on Quail residents—at our June 21 craft fair, and let every swirl of color support the Walk to End Alzheimer’s.",https://cdn.prod.website-files.com/637e82335616ba47c774e6bc/6852e0ba294d2ba1f191db45_cover.webp,https://cdn.prod.website-files.com/637e82335616ba47c774e6bc/6852e07d5be0449fec0f891b_thumb.webp,false,,Activities,mariah-ruell,general,https://cdn.prod.website-files.com/637e82335616ba47c774e6bc/6852dfc90b37ff6b91f07a56_tie-die.webp,https://cdn.prod.website-files.com/637e82335616ba47c774e6bc/6852dfd7e212a57cd53ae105_3.webp,https://cdn.prod.website-files.com/637e82335616ba47c774e6bc/6852e14317635b519c606b3c_4.webp,Wed Jun 18 2025 00:00:00 GMT+0000 (Coordinated Universal Time)
