Campaign,Ad group,Ad type,Headline 1,Headline 2,Headline 3,Headline 4,Headline 5,Headline 6,Headline 7,Headline 8,Headline 9,Headline 10,Headline 11,Headline 12,Headline 13,Headline 14,Headline 15,Description 1,Description 2,Description 3,Description 4,Final URL,Path 1,Path 2
Search — Assisted Living (Denver Metro),Littleton — Assisted Living,Responsive search ad,Assisted Living Littleton,Locally Owned & Operated,Schedule Your Tour Today,24/7 Trained Care Staff,Compare Floor Plans,Call (303) 436-2300,Colorado-Based Community,Ask About Availability,Your Story First Care,Restaurant-Style Dining,No Large Buy-In Required,Personalized Care Plans,Beautiful Suites Available,Engaging Daily Activities,Tour This Week,Discover assisted living in Littleton. Comfortable suites and engaging activities.,Colorado-owned communities with long-tenured staff. See pricing and floor plans today.,Personalized care plans with 24/7 support. Ask about current availability now.,Schedule a tour this week. Compare floor plans and dining. Call (303) 436-2300.,https://www.stagesenior.com/assisted-living/littleton,Littleton,Assisted Living
Search — Assisted Living (Denver Metro),Ken Caryl — Assisted Living,Responsive search ad,Assisted Living Ken Caryl,Locally Owned & Operated,Schedule Your Tour Today,24/7 Trained Care Staff,Compare Floor Plans,Call (303) 436-2300,Colorado-Based Community,Ask About Availability,Your Story First Care,Restaurant-Style Dining,No Large Buy-In Required,Personalized Care Plans,Beautiful Suites Available,Engaging Daily Activities,Tour This Week,Discover assisted living in Ken Caryl. Comfortable suites and engaging activities.,Colorado-owned communities with long-tenured staff. See pricing and floor plans today.,Personalized care plans with 24/7 support. Ask about current availability now.,Schedule a tour this week. Compare floor plans and dining. Call (303) 436-2300.,https://www.stagesenior.com/assisted-living/ken-caryl,Ken Caryl,Assisted Living
Search — Assisted Living (Denver Metro),Columbine — Assisted Living,Responsive search ad,Assisted Living Columbine,Locally Owned & Operated,Schedule Your Tour Today,24/7 Trained Care Staff,Compare Floor Plans,Call (303) 436-2300,Colorado-Based Community,Ask About Availability,Your Story First Care,Restaurant-Style Dining,No Large Buy-In Required,Personalized Care Plans,Beautiful Suites Available,Engaging Daily Activities,Tour This Week,Discover assisted living in Columbine. Comfortable suites and engaging activities.,Colorado-owned communities with long-tenured staff. See pricing and floor plans today.,Personalized care plans with 24/7 support. Ask about current availability now.,Schedule a tour this week. Compare floor plans and dining. Call (303) 436-2300.,https://www.stagesenior.com/assisted-living/columbine,Columbine,Assisted Living
Search — Assisted Living (Denver Metro),Columbine Valley — Assisted Living,Responsive search ad,Assisted Living Near You,Locally Owned & Operated,Schedule Your Tour Today,24/7 Trained Care Staff,Compare Floor Plans,Call (303) 436-2300,Colorado-Based Community,Ask About Availability,Your Story First Care,Restaurant-Style Dining,No Large Buy-In Required,Personalized Care Plans,Beautiful Suites Available,Engaging Daily Activities,Columbine Valley Location,Discover assisted living in Columbine Valley. Comfortable suites available.,Colorado-owned communities with long-tenured staff. See pricing and floor plans today.,Personalized care plans with 24/7 support. Ask about current availability now.,Schedule a tour this week. Compare floor plans and dining. Call (303) 436-2300.,https://www.stagesenior.com/assisted-living/columbine-valley,Columbine Valley,Assisted Living
Search — Assisted Living (Denver Metro),Bow Mar — Assisted Living,Responsive search ad,Assisted Living Bow Mar,Locally Owned & Operated,Schedule Your Tour Today,24/7 Trained Care Staff,Compare Floor Plans,Call (303) 436-2300,Colorado-Based Community,Ask About Availability,Your Story First Care,Restaurant-Style Dining,No Large Buy-In Required,Personalized Care Plans,Beautiful Suites Available,Engaging Daily Activities,Tour This Week,Discover assisted living in Bow Mar. Comfortable suites and engaging activities.,Colorado-owned communities with long-tenured staff. See pricing and floor plans today.,Personalized care plans with 24/7 support. Ask about current availability now.,Schedule a tour this week. Compare floor plans and dining. Call (303) 436-2300.,https://www.stagesenior.com/assisted-living/bow-mar,Bow Mar,Assisted Living
Search — Assisted Living (Denver Metro),Highlands Ranch — Assisted Living,Responsive search ad,Assisted Living Near You,Locally Owned & Operated,Schedule Your Tour Today,24/7 Trained Care Staff,Compare Floor Plans,Call (303) 436-2300,Colorado-Based Community,Ask About Availability,Your Story First Care,Restaurant-Style Dining,No Large Buy-In Required,Personalized Care Plans,Beautiful Suites Available,Engaging Daily Activities,Highlands Ranch Location,Discover assisted living in Highlands Ranch. Comfortable suites available.,Colorado-owned communities with long-tenured staff. See pricing and floor plans today.,Personalized care plans with 24/7 support. Ask about current availability now.,Schedule a tour this week. Compare floor plans and dining. Call (303) 436-2300.,https://www.stagesenior.com/assisted-living/highlands-ranch,Highlands Ranch,Assisted Living
Search — Assisted Living (Denver Metro),Englewood — Assisted Living,Responsive search ad,Assisted Living Englewood,Locally Owned & Operated,Schedule Your Tour Today,24/7 Trained Care Staff,Compare Floor Plans,Call (303) 436-2300,Colorado-Based Community,Ask About Availability,Your Story First Care,Restaurant-Style Dining,No Large Buy-In Required,Personalized Care Plans,Beautiful Suites Available,Engaging Daily Activities,Tour This Week,Discover assisted living in Englewood. Comfortable suites and engaging activities.,Colorado-owned communities with long-tenured staff. See pricing and floor plans today.,Personalized care plans with 24/7 support. Ask about current availability now.,Schedule a tour this week. Compare floor plans and dining. Call (303) 436-2300.,https://www.stagesenior.com/assisted-living/englewood,Englewood,Assisted Living
Search — Assisted Living (Denver Metro),Arvada — Assisted Living,Responsive search ad,Assisted Living Arvada,Locally Owned & Operated,Schedule Your Tour Today,24/7 Trained Care Staff,Compare Floor Plans,Call (303) 436-2300,Colorado-Based Community,Ask About Availability,Your Story First Care,Restaurant-Style Dining,No Large Buy-In Required,Personalized Care Plans,Beautiful Suites Available,Engaging Daily Activities,Tour This Week,Discover assisted living in Arvada. Comfortable suites and engaging activities.,Colorado-owned communities with long-tenured staff. See pricing and floor plans today.,Personalized care plans with 24/7 support. Ask about current availability now.,Schedule a tour this week. Compare floor plans and dining. Call (303) 436-2300.,https://www.stagesenior.com/assisted-living/arvada,Arvada,Assisted Living
Search — Assisted Living (Denver Metro),Wheat Ridge — Assisted Living,Responsive search ad,Assisted Living Wheat Ridge,Locally Owned & Operated,Schedule Your Tour Today,24/7 Trained Care Staff,Compare Floor Plans,Call (303) 436-2300,Colorado-Based Community,Ask About Availability,Your Story First Care,Restaurant-Style Dining,No Large Buy-In Required,Personalized Care Plans,Beautiful Suites Available,Engaging Daily Activities,Tour This Week,Discover assisted living in Wheat Ridge. Comfortable suites and engaging activities.,Colorado-owned communities with long-tenured staff. See pricing and floor plans today.,Personalized care plans with 24/7 support. Ask about current availability now.,Schedule a tour this week. Compare floor plans and dining. Call (303) 436-2300.,https://www.stagesenior.com/assisted-living/wheat-ridge,Wheat Ridge,Assisted Living
Search — Assisted Living (Denver Metro),Westminster — Assisted Living,Responsive search ad,Assisted Living Westminster,Locally Owned & Operated,Schedule Your Tour Today,24/7 Trained Care Staff,Compare Floor Plans,Call (303) 436-2300,Colorado-Based Community,Ask About Availability,Your Story First Care,Restaurant-Style Dining,No Large Buy-In Required,Personalized Care Plans,Beautiful Suites Available,Engaging Daily Activities,Tour This Week,Discover assisted living in Westminster. Comfortable suites and engaging activities.,Colorado-owned communities with long-tenured staff. See pricing and floor plans today.,Personalized care plans with 24/7 support. Ask about current availability now.,Schedule a tour this week. Compare floor plans and dining. Call (303) 436-2300.,https://www.stagesenior.com/assisted-living/westminster,Westminster,Assisted Living
Search — Assisted Living (Denver Metro),Golden — Assisted Living,Responsive search ad,Assisted Living Golden,Locally Owned & Operated,Schedule Your Tour Today,24/7 Trained Care Staff,Compare Floor Plans,Call (303) 436-2300,Colorado-Based Community,Ask About Availability,Your Story First Care,Restaurant-Style Dining,No Large Buy-In Required,Personalized Care Plans,Beautiful Suites Available,Engaging Daily Activities,Tour This Week,Discover assisted living in Golden. Comfortable suites and engaging activities.,Colorado-owned communities with long-tenured staff. See pricing and floor plans today.,Personalized care plans with 24/7 support. Ask about current availability now.,Schedule a tour this week. Compare floor plans and dining. Call (303) 436-2300.,https://www.stagesenior.com/assisted-living/golden,Golden,Assisted Living
Search — Assisted Living (Denver Metro),Lakewood — Assisted Living,Responsive search ad,Assisted Living Lakewood,Locally Owned & Operated,Schedule Your Tour Today,24/7 Trained Care Staff,Compare Floor Plans,Call (303) 436-2300,Colorado-Based Community,Ask About Availability,Your Story First Care,Restaurant-Style Dining,No Large Buy-In Required,Personalized Care Plans,Beautiful Suites Available,Engaging Daily Activities,Tour This Week,Discover assisted living in Lakewood. Comfortable suites and engaging activities.,Colorado-owned communities with long-tenured staff. See pricing and floor plans today.,Personalized care plans with 24/7 support. Ask about current availability now.,Schedule a tour this week. Compare floor plans and dining. Call (303) 436-2300.,https://www.stagesenior.com/assisted-living/lakewood,Lakewood,Assisted Living
Search — Assisted Living (Denver Metro),Morrison — Assisted Living,Responsive search ad,Assisted Living Morrison,Locally Owned & Operated,Schedule Your Tour Today,24/7 Trained Care Staff,Compare Floor Plans,Call (303) 436-2300,Colorado-Based Community,Ask About Availability,Your Story First Care,Restaurant-Style Dining,No Large Buy-In Required,Personalized Care Plans,Beautiful Suites Available,Engaging Daily Activities,Tour This Week,Discover assisted living in Morrison. Comfortable suites and engaging activities.,Colorado-owned communities with long-tenured staff. See pricing and floor plans today.,Personalized care plans with 24/7 support. Ask about current availability now.,Schedule a tour this week. Compare floor plans and dining. Call (303) 436-2300.,https://www.stagesenior.com/assisted-living/morrison,Morrison,Assisted Living
Search — Memory Care (Denver Metro),Littleton — Memory Care,Responsive search ad,Memory Care Littleton,Expert Dementia Care,Schedule Your Tour Today,24/7 Specialized Staff,Secure & Supportive,Call (303) 436-2300,Colorado-Based Community,Ask About Availability,Alzheimer's Care Experts,Meaningful Activities,No Large Buy-In Required,Personalized Memory Care,Beautiful Secure Suites,Compassionate Team,Tour This Week,Discover specialized memory care in Littleton. Secure suites and meaningful activities.,Colorado-owned communities with dementia care expertise. See our secure environment.,Personalized memory care with 24/7 specialized staff. Ask about availability now.,Schedule a tour this week. Expert Alzheimer's and dementia care. Call (303) 436-2300.,https://www.stagesenior.com/memory-care/littleton,Littleton,Memory Care
Search — Memory Care (Denver Metro),Ken Caryl — Memory Care,Responsive search ad,Memory Care Ken Caryl,Expert Dementia Care,Schedule Your Tour Today,24/7 Specialized Staff,Secure & Supportive,Call (303) 436-2300,Colorado-Based Community,Ask About Availability,Alzheimer's Care Experts,Meaningful Activities,No Large Buy-In Required,Personalized Memory Care,Beautiful Secure Suites,Compassionate Team,Tour This Week,Discover specialized memory care in Ken Caryl. Secure suites and meaningful activities.,Colorado-owned communities with dementia care expertise. See our secure environment.,Personalized memory care with 24/7 specialized staff. Ask about availability now.,Schedule a tour this week. Expert Alzheimer's and dementia care. Call (303) 436-2300.,https://www.stagesenior.com/memory-care/ken-caryl,Ken Caryl,Memory Care
Search — Memory Care (Denver Metro),Columbine — Memory Care,Responsive search ad,Memory Care Columbine,Expert Dementia Care,Schedule Your Tour Today,24/7 Specialized Staff,Secure & Supportive,Call (303) 436-2300,Colorado-Based Community,Ask About Availability,Alzheimer's Care Experts,Meaningful Activities,No Large Buy-In Required,Personalized Memory Care,Beautiful Secure Suites,Compassionate Team,Tour This Week,Discover specialized memory care in Columbine. Secure suites and meaningful activities.,Colorado-owned communities with dementia care expertise. See our secure environment.,Personalized memory care with 24/7 specialized staff. Ask about availability now.,Schedule a tour this week. Expert Alzheimer's and dementia care. Call (303) 436-2300.,https://www.stagesenior.com/memory-care/columbine,Columbine,Memory Care
Search — Memory Care (Denver Metro),Columbine Valley — Memory Care,Responsive search ad,Memory Care Near You,Expert Dementia Care,Schedule Your Tour Today,24/7 Specialized Staff,Secure & Supportive,Call (303) 436-2300,Colorado-Based Community,Ask About Availability,Alzheimer's Care Experts,Meaningful Activities,No Large Buy-In Required,Personalized Memory Care,Beautiful Secure Suites,Columbine Valley Location,Tour This Week,Discover specialized memory care in Columbine Valley. Secure suites available.,Colorado-owned communities with dementia care expertise. See our secure environment.,Personalized memory care with 24/7 specialized staff. Ask about availability now.,Schedule a tour this week. Expert Alzheimer's and dementia care. Call (303) 436-2300.,https://www.stagesenior.com/memory-care/columbine-valley,Columbine Valley,Memory Care
Search — Memory Care (Denver Metro),Bow Mar — Memory Care,Responsive search ad,Memory Care Bow Mar,Expert Dementia Care,Schedule Your Tour Today,24/7 Specialized Staff,Secure & Supportive,Call (303) 436-2300,Colorado-Based Community,Ask About Availability,Alzheimer's Care Experts,Meaningful Activities,No Large Buy-In Required,Personalized Memory Care,Beautiful Secure Suites,Compassionate Team,Tour This Week,Discover specialized memory care in Bow Mar. Secure suites and meaningful activities.,Colorado-owned communities with dementia care expertise. See our secure environment.,Personalized memory care with 24/7 specialized staff. Ask about availability now.,Schedule a tour this week. Expert Alzheimer's and dementia care. Call (303) 436-2300.,https://www.stagesenior.com/memory-care/bow-mar,Bow Mar,Memory Care
Search — Memory Care (Denver Metro),Highlands Ranch — Memory Care,Responsive search ad,Memory Care Near You,Expert Dementia Care,Schedule Your Tour Today,24/7 Specialized Staff,Secure & Supportive,Call (303) 436-2300,Colorado-Based Community,Ask About Availability,Alzheimer's Care Experts,Meaningful Activities,No Large Buy-In Required,Personalized Memory Care,Beautiful Secure Suites,Highlands Ranch Location,Tour This Week,Discover specialized memory care in Highlands Ranch. Secure suites available.,Colorado-owned communities with dementia care expertise. See our secure environment.,Personalized memory care with 24/7 specialized staff. Ask about availability now.,Schedule a tour this week. Expert Alzheimer's and dementia care. Call (303) 436-2300.,https://www.stagesenior.com/memory-care/highlands-ranch,Highlands Ranch,Memory Care
Search — Memory Care (Denver Metro),Englewood — Memory Care,Responsive search ad,Memory Care Englewood,Expert Dementia Care,Schedule Your Tour Today,24/7 Specialized Staff,Secure & Supportive,Call (303) 436-2300,Colorado-Based Community,Ask About Availability,Alzheimer's Care Experts,Meaningful Activities,No Large Buy-In Required,Personalized Memory Care,Beautiful Secure Suites,Compassionate Team,Tour This Week,Discover specialized memory care in Englewood. Secure suites and meaningful activities.,Colorado-owned communities with dementia care expertise. See our secure environment.,Personalized memory care with 24/7 specialized staff. Ask about availability now.,Schedule a tour this week. Expert Alzheimer's and dementia care. Call (303) 436-2300.,https://www.stagesenior.com/memory-care/englewood,Englewood,Memory Care
Search — Memory Care (Denver Metro),Arvada — Memory Care,Responsive search ad,Memory Care Arvada,Expert Dementia Care,Schedule Your Tour Today,24/7 Specialized Staff,Secure & Supportive,Call (303) 436-2300,Colorado-Based Community,Ask About Availability,Alzheimer's Care Experts,Meaningful Activities,No Large Buy-In Required,Personalized Memory Care,Beautiful Secure Suites,Compassionate Team,Tour This Week,Discover specialized memory care in Arvada. Secure suites and meaningful activities.,Colorado-owned communities with dementia care expertise. See our secure environment.,Personalized memory care with 24/7 specialized staff. Ask about availability now.,Schedule a tour this week. Expert Alzheimer's and dementia care. Call (303) 436-2300.,https://www.stagesenior.com/memory-care/arvada,Arvada,Memory Care
Search — Memory Care (Denver Metro),Wheat Ridge — Memory Care,Responsive search ad,Memory Care Wheat Ridge,Expert Dementia Care,Schedule Your Tour Today,24/7 Specialized Staff,Secure & Supportive,Call (303) 436-2300,Colorado-Based Community,Ask About Availability,Alzheimer's Care Experts,Meaningful Activities,No Large Buy-In Required,Personalized Memory Care,Beautiful Secure Suites,Compassionate Team,Tour This Week,Discover specialized memory care in Wheat Ridge. Secure suites and meaningful activities.,Colorado-owned communities with dementia care expertise. See our secure environment.,Personalized memory care with 24/7 specialized staff. Ask about availability now.,Schedule a tour this week. Expert Alzheimer's and dementia care. Call (303) 436-2300.,https://www.stagesenior.com/memory-care/wheat-ridge,Wheat Ridge,Memory Care
Search — Memory Care (Denver Metro),Westminster — Memory Care,Responsive search ad,Memory Care Westminster,Expert Dementia Care,Schedule Your Tour Today,24/7 Specialized Staff,Secure & Supportive,Call (303) 436-2300,Colorado-Based Community,Ask About Availability,Alzheimer's Care Experts,Meaningful Activities,No Large Buy-In Required,Personalized Memory Care,Beautiful Secure Suites,Compassionate Team,Tour This Week,Discover specialized memory care in Westminster. Secure suites and meaningful activities.,Colorado-owned communities with dementia care expertise. See our secure environment.,Personalized memory care with 24/7 specialized staff. Ask about availability now.,Schedule a tour this week. Expert Alzheimer's and dementia care. Call (303) 436-2300.,https://www.stagesenior.com/memory-care/westminster,Westminster,Memory Care
Search — Memory Care (Denver Metro),Golden — Memory Care,Responsive search ad,Memory Care Golden,Expert Dementia Care,Schedule Your Tour Today,24/7 Specialized Staff,Secure & Supportive,Call (303) 436-2300,Colorado-Based Community,Ask About Availability,Alzheimer's Care Experts,Meaningful Activities,No Large Buy-In Required,Personalized Memory Care,Beautiful Secure Suites,Compassionate Team,Tour This Week,Discover specialized memory care in Golden. Secure suites and meaningful activities.,Colorado-owned communities with dementia care expertise. See our secure environment.,Personalized memory care with 24/7 specialized staff. Ask about availability now.,Schedule a tour this week. Expert Alzheimer's and dementia care. Call (303) 436-2300.,https://www.stagesenior.com/memory-care/golden,Golden,Memory Care
Search — Memory Care (Denver Metro),Lakewood — Memory Care,Responsive search ad,Memory Care Lakewood,Expert Dementia Care,Schedule Your Tour Today,24/7 Specialized Staff,Secure & Supportive,Call (303) 436-2300,Colorado-Based Community,Ask About Availability,Alzheimer's Care Experts,Meaningful Activities,No Large Buy-In Required,Personalized Memory Care,Beautiful Secure Suites,Compassionate Team,Tour This Week,Discover specialized memory care in Lakewood. Secure suites and meaningful activities.,Colorado-owned communities with dementia care expertise. See our secure environment.,Personalized memory care with 24/7 specialized staff. Ask about availability now.,Schedule a tour this week. Expert Alzheimer's and dementia care. Call (303) 436-2300.,https://www.stagesenior.com/memory-care/lakewood,Lakewood,Memory Care
Search — Memory Care (Denver Metro),Morrison — Memory Care,Responsive search ad,Memory Care Morrison,Expert Dementia Care,Schedule Your Tour Today,24/7 Specialized Staff,Secure & Supportive,Call (303) 436-2300,Colorado-Based Community,Ask About Availability,Alzheimer's Care Experts,Meaningful Activities,No Large Buy-In Required,Personalized Memory Care,Beautiful Secure Suites,Compassionate Team,Tour This Week,Discover specialized memory care in Morrison. Secure suites and meaningful activities.,Colorado-owned communities with dementia care expertise. See our secure environment.,Personalized memory care with 24/7 specialized staff. Ask about availability now.,Schedule a tour this week. Expert Alzheimer's and dementia care. Call (303) 436-2300.,https://www.stagesenior.com/memory-care/morrison,Morrison,Memory Care
Search — Independent Living (Denver Metro),Golden — Independent Living,Responsive search ad,Independent Living Golden,Maintenance-Free Lifestyle,Schedule Your Tour Today,Active Senior Community,Modern Floor Plans,Call (303) 436-2300,Colorado-Based Community,Ask About Availability,Restaurant-Style Dining,Vibrant Social Life,No Large Buy-In Required,Spacious Apartments,Pet-Friendly Options,Tour This Week,Discover independent living in Golden. Modern apartments and vibrant social activities.,Colorado-owned communities with maintenance-free living. See floor plans and pricing.,Active lifestyle with restaurant dining and activities. Ask about availability today.,Schedule a tour this week. Pet-friendly apartments available. Call (303) 436-2300.,https://www.stagesenior.com/independent-living/golden,Golden,Independent Living
Search — Independent Living (Denver Metro),Lakewood — Independent Living,Responsive search ad,Independent Living Lakewood,Maintenance-Free Lifestyle,Schedule Your Tour Today,Active Senior Community,Modern Floor Plans,Call (303) 436-2300,Colorado-Based Community,Ask About Availability,Restaurant-Style Dining,Vibrant Social Life,No Large Buy-In Required,Spacious Apartments,Pet-Friendly Options,Tour This Week,Discover independent living in Lakewood. Modern apartments and vibrant social activities.,Colorado-owned communities with maintenance-free living. See floor plans and pricing.,Active lifestyle with restaurant dining and activities. Ask about availability today.,Schedule a tour this week. Pet-friendly apartments available. Call (303) 436-2300.,https://www.stagesenior.com/independent-living/lakewood,Lakewood,Independent Living
Search — Independent Living (Denver Metro),Arvada — Independent Living,Responsive search ad,Independent Living Arvada,Maintenance-Free Lifestyle,Schedule Your Tour Today,Active Senior Community,Modern Floor Plans,Call (303) 436-2300,Colorado-Based Community,Ask About Availability,Restaurant-Style Dining,Vibrant Social Life,No Large Buy-In Required,Spacious Apartments,Pet-Friendly Options,Tour This Week,Discover independent living in Arvada. Modern apartments and vibrant social activities.,Colorado-owned communities with maintenance-free living. See floor plans and pricing.,Active lifestyle with restaurant dining and activities. Ask about availability today.,Schedule a tour this week. Pet-friendly apartments available. Call (303) 436-2300.,https://www.stagesenior.com/independent-living/arvada,Arvada,Independent Living
Search — Independent Living (Denver Metro),Morrison — Independent Living,Responsive search ad,Independent Living Morrison,Maintenance-Free Lifestyle,Schedule Your Tour Today,Active Senior Community,Modern Floor Plans,Call (303) 436-2300,Colorado-Based Community,Ask About Availability,Restaurant-Style Dining,Vibrant Social Life,No Large Buy-In Required,Spacious Apartments,Pet-Friendly Options,Tour This Week,Discover independent living in Morrison. Modern apartments and vibrant social activities.,Colorado-owned communities with maintenance-free living. See floor plans and pricing.,Active lifestyle with restaurant dining and activities. Ask about availability today.,Schedule a tour this week. Pet-friendly apartments available. Call (303) 436-2300.,https://www.stagesenior.com/independent-living/morrison,Morrison,Independent Living
Search — Brand — Stage Senior,Stage Senior Brand,Responsive search ad,Stage Senior Management,Colorado-Owned Communities,Schedule Your Tour Today,Expert Senior Living Care,Compare Our Communities,Call (303) 436-2300,Locally Owned & Operated,Ask About Availability,Your Story First,Restaurant-Style Dining,Quality Care Since 2005,Personalized Service,Multiple Locations,Tour Any Community,Stage Senior Management offers exceptional senior living across Colorado.,Locally-owned with expert care teams. Compare our communities and floor plans today.,Personalized care and service at all locations. Ask about availability now.,Schedule a tour at any of our communities. Quality care you can trust. (303) 436-2300.,https://www.stagesenior.com/,Stage Senior,Colorado
Search — Brand — Communities,The Gardens at Columbine,Responsive search ad,The Gardens at Columbine,Assisted & Memory Care,Schedule Your Tour Today,Beautiful Littleton Community,24/7 Care Staff,Call (303) 436-2300,Award-Winning Community,Ask About Availability,Exceptional Dining,Engaging Activities,No Large Buy-In Required,Personalized Care Plans,Secure Memory Care,Tour This Week,The Gardens at Columbine offers exceptional assisted living and memory care in Littleton.,Award-winning community with 24/7 care staff. See our beautiful suites and amenities.,Personalized care in a warm family atmosphere. Ask about current availability.,Schedule a tour this week. Exceptional care and dining. Call (303) 436-2300.,https://www.stagesenior.com/properties/the-gardens-on-columbine,Littleton,Columbine
Search — Brand — Communities,The Gardens on Quail,Responsive search ad,The Gardens on Quail,Independent & Assisted Living,Schedule Your Tour Today,Beautiful Arvada Community,Active Senior Living,Call (303) 436-2300,Award-Winning Community,Ask About Availability,Restaurant-Style Dining,Mountain Views,No Large Buy-In Required,Spacious Floor Plans,Pet-Friendly Community,Tour This Week,The Gardens on Quail offers independent and assisted living in Arvada.,Beautiful community with mountain views and resort-style amenities. Tour today.,Active lifestyle with dining and activities. Ask about current availability.,Schedule a tour this week. Pet-friendly community. Call (303) 436-2300.,https://www.stagesenior.com/properties/the-gardens-on-quail,Arvada,Quail
Search — Brand — Communities,Stonebridge Senior,Responsive search ad,Stonebridge Senior Living,Assisted & Memory Care,Schedule Your Tour Today,Wheat Ridge Community,24/7 Care Staff,Call (303) 436-2300,Locally Owned Community,Ask About Availability,Exceptional Care,Beautiful Suites,No Large Buy-In Required,Personalized Care Plans,Secure Memory Care,Tour This Week,Stonebridge offers exceptional assisted living and memory care in Wheat Ridge.,Locally-owned with personalized care plans. See our beautiful suites and amenities.,Compassionate 24/7 care in a welcoming environment. Ask about availability now.,Schedule a tour this week. Quality care close to home. Call (303) 436-2300.,https://www.stagesenior.com/properties/stonebridge-senior,Wheat Ridge,Stonebridge
Search — Brand — Communities,Golden Pond,Responsive search ad,Golden Pond Senior Living,Independent & Assisted Living,Schedule Your Tour Today,Beautiful Golden Community,Active Senior Living,Call (303) 436-2300,Historic Golden Location,Ask About Availability,Restaurant-Style Dining,Mountain Views,No Large Buy-In Required,Spacious Floor Plans,Pet-Friendly Community,Tour This Week,Golden Pond offers independent and assisted living in beautiful Golden.,Historic community with mountain views and resort amenities. Tour today.,Active lifestyle with exceptional dining and activities. Ask about availability.,Schedule a tour this week. Pet-friendly community. Call (303) 436-2300.,https://www.stagesenior.com/properties/golden-pond,Golden,Golden Pond
