Campaign,Ad group,Keyword,Criterion Type,Max CPC
Search — Assisted Living (Denver Metro),Littleton — Assisted Living,"assisted living Littleton",Exact,
Search — Assisted Living (Denver Metro),Littleton — Assisted Living,"assisted living in Littleton",Exact,
Search — Assisted Living (Denver Metro),Littleton — Assisted Living,"senior living Littleton",Exact,
Search — Assisted Living (Denver Metro),Littleton — Assisted Living,"senior living in Littleton",Exact,
Search — Assisted Living (Denver Metro),Littleton — Assisted Living,"assisted living near me",Exact,
Search — Assisted Living (Denver Metro),Littleton — Assisted Living,"assisted living Littleton cost",Exact,
Search — Assisted Living (Denver Metro),Littleton — Assisted Living,[assisted living Littleton],Phrase,
Search — Assisted Living (Denver Metro),Littleton — Assisted Living,[assisted living in Littleton],Phrase,
Search — Assisted Living (Denver Metro),Littleton — Assisted Living,[senior living Littleton],Phrase,
Search — Assisted Living (Denver Metro),Littleton — Assisted Living,[senior living in Littleton],Phrase,
Search — Assisted Living (Denver Metro),Littleton — Assisted Living,[assisted living near me],Phrase,
Search — Assisted Living (Denver Metro),Littleton — Assisted Living,[assisted living Littleton cost],Phrase,
Search — Assisted Living (Denver Metro),Littleton — Assisted Living,assisted living Littleton,Broad,
Search — Assisted Living (Denver Metro),Littleton — Assisted Living,senior living Littleton,Broad,
Search — Memory Care (Denver Metro),Littleton — Memory Care,"memory care Littleton",Exact,
Search — Memory Care (Denver Metro),Littleton — Memory Care,"memory care in Littleton",Exact,
Search — Memory Care (Denver Metro),Littleton — Memory Care,"alzheimers care Littleton",Exact,
Search — Memory Care (Denver Metro),Littleton — Memory Care,"dementia care Littleton",Exact,
Search — Memory Care (Denver Metro),Littleton — Memory Care,"memory care near me",Exact,
Search — Memory Care (Denver Metro),Littleton — Memory Care,"memory care Littleton cost",Exact,
Search — Memory Care (Denver Metro),Littleton — Memory Care,[memory care Littleton],Phrase,
Search — Memory Care (Denver Metro),Littleton — Memory Care,[memory care in Littleton],Phrase,
Search — Memory Care (Denver Metro),Littleton — Memory Care,[alzheimers care Littleton],Phrase,
Search — Memory Care (Denver Metro),Littleton — Memory Care,[dementia care Littleton],Phrase,
Search — Memory Care (Denver Metro),Littleton — Memory Care,[memory care near me],Phrase,
Search — Memory Care (Denver Metro),Littleton — Memory Care,[memory care Littleton cost],Phrase,
Search — Memory Care (Denver Metro),Littleton — Memory Care,memory care Littleton,Broad,
Search — Memory Care (Denver Metro),Littleton — Memory Care,alzheimers care Littleton,Broad,
Search — Assisted Living (Denver Metro),Ken Caryl — Assisted Living,"assisted living Ken Caryl",Exact,
Search — Assisted Living (Denver Metro),Ken Caryl — Assisted Living,"assisted living in Ken Caryl",Exact,
Search — Assisted Living (Denver Metro),Ken Caryl — Assisted Living,"senior living Ken Caryl",Exact,
Search — Assisted Living (Denver Metro),Ken Caryl — Assisted Living,"senior living in Ken Caryl",Exact,
Search — Assisted Living (Denver Metro),Ken Caryl — Assisted Living,"assisted living near me",Exact,
Search — Assisted Living (Denver Metro),Ken Caryl — Assisted Living,"assisted living Ken Caryl cost",Exact,
Search — Assisted Living (Denver Metro),Ken Caryl — Assisted Living,[assisted living Ken Caryl],Phrase,
Search — Assisted Living (Denver Metro),Ken Caryl — Assisted Living,[assisted living in Ken Caryl],Phrase,
Search — Assisted Living (Denver Metro),Ken Caryl — Assisted Living,[senior living Ken Caryl],Phrase,
Search — Assisted Living (Denver Metro),Ken Caryl — Assisted Living,[senior living in Ken Caryl],Phrase,
Search — Assisted Living (Denver Metro),Ken Caryl — Assisted Living,[assisted living near me],Phrase,
Search — Assisted Living (Denver Metro),Ken Caryl — Assisted Living,[assisted living Ken Caryl cost],Phrase,
Search — Assisted Living (Denver Metro),Ken Caryl — Assisted Living,assisted living Ken Caryl,Broad,
Search — Assisted Living (Denver Metro),Ken Caryl — Assisted Living,senior living Ken Caryl,Broad,
Search — Memory Care (Denver Metro),Ken Caryl — Memory Care,"memory care Ken Caryl",Exact,
Search — Memory Care (Denver Metro),Ken Caryl — Memory Care,"memory care in Ken Caryl",Exact,
Search — Memory Care (Denver Metro),Ken Caryl — Memory Care,"alzheimers care Ken Caryl",Exact,
Search — Memory Care (Denver Metro),Ken Caryl — Memory Care,"dementia care Ken Caryl",Exact,
Search — Memory Care (Denver Metro),Ken Caryl — Memory Care,"memory care near me",Exact,
Search — Memory Care (Denver Metro),Ken Caryl — Memory Care,"memory care Ken Caryl cost",Exact,
Search — Memory Care (Denver Metro),Ken Caryl — Memory Care,[memory care Ken Caryl],Phrase,
Search — Memory Care (Denver Metro),Ken Caryl — Memory Care,[memory care in Ken Caryl],Phrase,
Search — Memory Care (Denver Metro),Ken Caryl — Memory Care,[alzheimers care Ken Caryl],Phrase,
Search — Memory Care (Denver Metro),Ken Caryl — Memory Care,[dementia care Ken Caryl],Phrase,
Search — Memory Care (Denver Metro),Ken Caryl — Memory Care,[memory care near me],Phrase,
Search — Memory Care (Denver Metro),Ken Caryl — Memory Care,[memory care Ken Caryl cost],Phrase,
Search — Memory Care (Denver Metro),Ken Caryl — Memory Care,memory care Ken Caryl,Broad,
Search — Memory Care (Denver Metro),Ken Caryl — Memory Care,alzheimers care Ken Caryl,Broad,
Search — Assisted Living (Denver Metro),Columbine — Assisted Living,"assisted living Columbine",Exact,
Search — Assisted Living (Denver Metro),Columbine — Assisted Living,"assisted living in Columbine",Exact,
Search — Assisted Living (Denver Metro),Columbine — Assisted Living,"senior living Columbine",Exact,
Search — Assisted Living (Denver Metro),Columbine — Assisted Living,"senior living in Columbine",Exact,
Search — Assisted Living (Denver Metro),Columbine — Assisted Living,"assisted living near me",Exact,
Search — Assisted Living (Denver Metro),Columbine — Assisted Living,"assisted living Columbine cost",Exact,
Search — Assisted Living (Denver Metro),Columbine — Assisted Living,[assisted living Columbine],Phrase,
Search — Assisted Living (Denver Metro),Columbine — Assisted Living,[assisted living in Columbine],Phrase,
Search — Assisted Living (Denver Metro),Columbine — Assisted Living,[senior living Columbine],Phrase,
Search — Assisted Living (Denver Metro),Columbine — Assisted Living,[senior living in Columbine],Phrase,
Search — Assisted Living (Denver Metro),Columbine — Assisted Living,[assisted living near me],Phrase,
Search — Assisted Living (Denver Metro),Columbine — Assisted Living,[assisted living Columbine cost],Phrase,
Search — Assisted Living (Denver Metro),Columbine — Assisted Living,assisted living Columbine,Broad,
Search — Assisted Living (Denver Metro),Columbine — Assisted Living,senior living Columbine,Broad,
Search — Memory Care (Denver Metro),Columbine — Memory Care,"memory care Columbine",Exact,
Search — Memory Care (Denver Metro),Columbine — Memory Care,"memory care in Columbine",Exact,
Search — Memory Care (Denver Metro),Columbine — Memory Care,"alzheimers care Columbine",Exact,
Search — Memory Care (Denver Metro),Columbine — Memory Care,"dementia care Columbine",Exact,
Search — Memory Care (Denver Metro),Columbine — Memory Care,"memory care near me",Exact,
Search — Memory Care (Denver Metro),Columbine — Memory Care,"memory care Columbine cost",Exact,
Search — Memory Care (Denver Metro),Columbine — Memory Care,[memory care Columbine],Phrase,
Search — Memory Care (Denver Metro),Columbine — Memory Care,[memory care in Columbine],Phrase,
Search — Memory Care (Denver Metro),Columbine — Memory Care,[alzheimers care Columbine],Phrase,
Search — Memory Care (Denver Metro),Columbine — Memory Care,[dementia care Columbine],Phrase,
Search — Memory Care (Denver Metro),Columbine — Memory Care,[memory care near me],Phrase,
Search — Memory Care (Denver Metro),Columbine — Memory Care,[memory care Columbine cost],Phrase,
Search — Memory Care (Denver Metro),Columbine — Memory Care,memory care Columbine,Broad,
Search — Memory Care (Denver Metro),Columbine — Memory Care,alzheimers care Columbine,Broad,
Search — Assisted Living (Denver Metro),Columbine Valley — Assisted Living,"assisted living Columbine Valley",Exact,
Search — Assisted Living (Denver Metro),Columbine Valley — Assisted Living,"assisted living in Columbine Valley",Exact,
Search — Assisted Living (Denver Metro),Columbine Valley — Assisted Living,"senior living Columbine Valley",Exact,
Search — Assisted Living (Denver Metro),Columbine Valley — Assisted Living,"senior living in Columbine Valley",Exact,
Search — Assisted Living (Denver Metro),Columbine Valley — Assisted Living,"assisted living near me",Exact,
Search — Assisted Living (Denver Metro),Columbine Valley — Assisted Living,"assisted living Columbine Valley cost",Exact,
Search — Assisted Living (Denver Metro),Columbine Valley — Assisted Living,[assisted living Columbine Valley],Phrase,
Search — Assisted Living (Denver Metro),Columbine Valley — Assisted Living,[assisted living in Columbine Valley],Phrase,
Search — Assisted Living (Denver Metro),Columbine Valley — Assisted Living,[senior living Columbine Valley],Phrase,
Search — Assisted Living (Denver Metro),Columbine Valley — Assisted Living,[senior living in Columbine Valley],Phrase,
Search — Assisted Living (Denver Metro),Columbine Valley — Assisted Living,[assisted living near me],Phrase,
Search — Assisted Living (Denver Metro),Columbine Valley — Assisted Living,[assisted living Columbine Valley cost],Phrase,
Search — Assisted Living (Denver Metro),Columbine Valley — Assisted Living,assisted living Columbine Valley,Broad,
Search — Assisted Living (Denver Metro),Columbine Valley — Assisted Living,senior living Columbine Valley,Broad,
Search — Memory Care (Denver Metro),Columbine Valley — Memory Care,"memory care Columbine Valley",Exact,
Search — Memory Care (Denver Metro),Columbine Valley — Memory Care,"memory care in Columbine Valley",Exact,
Search — Memory Care (Denver Metro),Columbine Valley — Memory Care,"alzheimers care Columbine Valley",Exact,
Search — Memory Care (Denver Metro),Columbine Valley — Memory Care,"dementia care Columbine Valley",Exact,
Search — Memory Care (Denver Metro),Columbine Valley — Memory Care,"memory care near me",Exact,
Search — Memory Care (Denver Metro),Columbine Valley — Memory Care,"memory care Columbine Valley cost",Exact,
Search — Memory Care (Denver Metro),Columbine Valley — Memory Care,[memory care Columbine Valley],Phrase,
Search — Memory Care (Denver Metro),Columbine Valley — Memory Care,[memory care in Columbine Valley],Phrase,
Search — Memory Care (Denver Metro),Columbine Valley — Memory Care,[alzheimers care Columbine Valley],Phrase,
Search — Memory Care (Denver Metro),Columbine Valley — Memory Care,[dementia care Columbine Valley],Phrase,
Search — Memory Care (Denver Metro),Columbine Valley — Memory Care,[memory care near me],Phrase,
Search — Memory Care (Denver Metro),Columbine Valley — Memory Care,[memory care Columbine Valley cost],Phrase,
Search — Memory Care (Denver Metro),Columbine Valley — Memory Care,memory care Columbine Valley,Broad,
Search — Memory Care (Denver Metro),Columbine Valley — Memory Care,alzheimers care Columbine Valley,Broad,
Search — Assisted Living (Denver Metro),Bow Mar — Assisted Living,"assisted living Bow Mar",Exact,
Search — Assisted Living (Denver Metro),Bow Mar — Assisted Living,"assisted living in Bow Mar",Exact,
Search — Assisted Living (Denver Metro),Bow Mar — Assisted Living,"senior living Bow Mar",Exact,
Search — Assisted Living (Denver Metro),Bow Mar — Assisted Living,"senior living in Bow Mar",Exact,
Search — Assisted Living (Denver Metro),Bow Mar — Assisted Living,"assisted living near me",Exact,
Search — Assisted Living (Denver Metro),Bow Mar — Assisted Living,"assisted living Bow Mar cost",Exact,
Search — Assisted Living (Denver Metro),Bow Mar — Assisted Living,[assisted living Bow Mar],Phrase,
Search — Assisted Living (Denver Metro),Bow Mar — Assisted Living,[assisted living in Bow Mar],Phrase,
Search — Assisted Living (Denver Metro),Bow Mar — Assisted Living,[senior living Bow Mar],Phrase,
Search — Assisted Living (Denver Metro),Bow Mar — Assisted Living,[senior living in Bow Mar],Phrase,
Search — Assisted Living (Denver Metro),Bow Mar — Assisted Living,[assisted living near me],Phrase,
Search — Assisted Living (Denver Metro),Bow Mar — Assisted Living,[assisted living Bow Mar cost],Phrase,
Search — Assisted Living (Denver Metro),Bow Mar — Assisted Living,assisted living Bow Mar,Broad,
Search — Assisted Living (Denver Metro),Bow Mar — Assisted Living,senior living Bow Mar,Broad,
Search — Memory Care (Denver Metro),Bow Mar — Memory Care,"memory care Bow Mar",Exact,
Search — Memory Care (Denver Metro),Bow Mar — Memory Care,"memory care in Bow Mar",Exact,
Search — Memory Care (Denver Metro),Bow Mar — Memory Care,"alzheimers care Bow Mar",Exact,
Search — Memory Care (Denver Metro),Bow Mar — Memory Care,"dementia care Bow Mar",Exact,
Search — Memory Care (Denver Metro),Bow Mar — Memory Care,"memory care near me",Exact,
Search — Memory Care (Denver Metro),Bow Mar — Memory Care,"memory care Bow Mar cost",Exact,
Search — Memory Care (Denver Metro),Bow Mar — Memory Care,[memory care Bow Mar],Phrase,
Search — Memory Care (Denver Metro),Bow Mar — Memory Care,[memory care in Bow Mar],Phrase,
Search — Memory Care (Denver Metro),Bow Mar — Memory Care,[alzheimers care Bow Mar],Phrase,
Search — Memory Care (Denver Metro),Bow Mar — Memory Care,[dementia care Bow Mar],Phrase,
Search — Memory Care (Denver Metro),Bow Mar — Memory Care,[memory care near me],Phrase,
Search — Memory Care (Denver Metro),Bow Mar — Memory Care,[memory care Bow Mar cost],Phrase,
Search — Memory Care (Denver Metro),Bow Mar — Memory Care,memory care Bow Mar,Broad,
Search — Memory Care (Denver Metro),Bow Mar — Memory Care,alzheimers care Bow Mar,Broad,
Search — Assisted Living (Denver Metro),Highlands Ranch — Assisted Living,"assisted living Highlands Ranch",Exact,
Search — Assisted Living (Denver Metro),Highlands Ranch — Assisted Living,"assisted living in Highlands Ranch",Exact,
Search — Assisted Living (Denver Metro),Highlands Ranch — Assisted Living,"senior living Highlands Ranch",Exact,
Search — Assisted Living (Denver Metro),Highlands Ranch — Assisted Living,"senior living in Highlands Ranch",Exact,
Search — Assisted Living (Denver Metro),Highlands Ranch — Assisted Living,"assisted living near me",Exact,
Search — Assisted Living (Denver Metro),Highlands Ranch — Assisted Living,"assisted living Highlands Ranch cost",Exact,
Search — Assisted Living (Denver Metro),Highlands Ranch — Assisted Living,[assisted living Highlands Ranch],Phrase,
Search — Assisted Living (Denver Metro),Highlands Ranch — Assisted Living,[assisted living in Highlands Ranch],Phrase,
Search — Assisted Living (Denver Metro),Highlands Ranch — Assisted Living,[senior living Highlands Ranch],Phrase,
Search — Assisted Living (Denver Metro),Highlands Ranch — Assisted Living,[senior living in Highlands Ranch],Phrase,
Search — Assisted Living (Denver Metro),Highlands Ranch — Assisted Living,[assisted living near me],Phrase,
Search — Assisted Living (Denver Metro),Highlands Ranch — Assisted Living,[assisted living Highlands Ranch cost],Phrase,
Search — Assisted Living (Denver Metro),Highlands Ranch — Assisted Living,assisted living Highlands Ranch,Broad,
Search — Assisted Living (Denver Metro),Highlands Ranch — Assisted Living,senior living Highlands Ranch,Broad,
Search — Memory Care (Denver Metro),Highlands Ranch — Memory Care,"memory care Highlands Ranch",Exact,
Search — Memory Care (Denver Metro),Highlands Ranch — Memory Care,"memory care in Highlands Ranch",Exact,
Search — Memory Care (Denver Metro),Highlands Ranch — Memory Care,"alzheimers care Highlands Ranch",Exact,
Search — Memory Care (Denver Metro),Highlands Ranch — Memory Care,"dementia care Highlands Ranch",Exact,
Search — Memory Care (Denver Metro),Highlands Ranch — Memory Care,"memory care near me",Exact,
Search — Memory Care (Denver Metro),Highlands Ranch — Memory Care,"memory care Highlands Ranch cost",Exact,
Search — Memory Care (Denver Metro),Highlands Ranch — Memory Care,[memory care Highlands Ranch],Phrase,
Search — Memory Care (Denver Metro),Highlands Ranch — Memory Care,[memory care in Highlands Ranch],Phrase,
Search — Memory Care (Denver Metro),Highlands Ranch — Memory Care,[alzheimers care Highlands Ranch],Phrase,
Search — Memory Care (Denver Metro),Highlands Ranch — Memory Care,[dementia care Highlands Ranch],Phrase,
Search — Memory Care (Denver Metro),Highlands Ranch — Memory Care,[memory care near me],Phrase,
Search — Memory Care (Denver Metro),Highlands Ranch — Memory Care,[memory care Highlands Ranch cost],Phrase,
Search — Memory Care (Denver Metro),Highlands Ranch — Memory Care,memory care Highlands Ranch,Broad,
Search — Memory Care (Denver Metro),Highlands Ranch — Memory Care,alzheimers care Highlands Ranch,Broad,
Search — Assisted Living (Denver Metro),Englewood — Assisted Living,"assisted living Englewood",Exact,
Search — Assisted Living (Denver Metro),Englewood — Assisted Living,"assisted living in Englewood",Exact,
Search — Assisted Living (Denver Metro),Englewood — Assisted Living,"senior living Englewood",Exact,
Search — Assisted Living (Denver Metro),Englewood — Assisted Living,"senior living in Englewood",Exact,
Search — Assisted Living (Denver Metro),Englewood — Assisted Living,"assisted living near me",Exact,
Search — Assisted Living (Denver Metro),Englewood — Assisted Living,"assisted living Englewood cost",Exact,
Search — Assisted Living (Denver Metro),Englewood — Assisted Living,[assisted living Englewood],Phrase,
Search — Assisted Living (Denver Metro),Englewood — Assisted Living,[assisted living in Englewood],Phrase,
Search — Assisted Living (Denver Metro),Englewood — Assisted Living,[senior living Englewood],Phrase,
Search — Assisted Living (Denver Metro),Englewood — Assisted Living,[senior living in Englewood],Phrase,
Search — Assisted Living (Denver Metro),Englewood — Assisted Living,[assisted living near me],Phrase,
Search — Assisted Living (Denver Metro),Englewood — Assisted Living,[assisted living Englewood cost],Phrase,
Search — Assisted Living (Denver Metro),Englewood — Assisted Living,assisted living Englewood,Broad,
Search — Assisted Living (Denver Metro),Englewood — Assisted Living,senior living Englewood,Broad,
Search — Memory Care (Denver Metro),Englewood — Memory Care,"memory care Englewood",Exact,
Search — Memory Care (Denver Metro),Englewood — Memory Care,"memory care in Englewood",Exact,
Search — Memory Care (Denver Metro),Englewood — Memory Care,"alzheimers care Englewood",Exact,
Search — Memory Care (Denver Metro),Englewood — Memory Care,"dementia care Englewood",Exact,
Search — Memory Care (Denver Metro),Englewood — Memory Care,"memory care near me",Exact,
Search — Memory Care (Denver Metro),Englewood — Memory Care,"memory care Englewood cost",Exact,
Search — Memory Care (Denver Metro),Englewood — Memory Care,[memory care Englewood],Phrase,
Search — Memory Care (Denver Metro),Englewood — Memory Care,[memory care in Englewood],Phrase,
Search — Memory Care (Denver Metro),Englewood — Memory Care,[alzheimers care Englewood],Phrase,
Search — Memory Care (Denver Metro),Englewood — Memory Care,[dementia care Englewood],Phrase,
Search — Memory Care (Denver Metro),Englewood — Memory Care,[memory care near me],Phrase,
Search — Memory Care (Denver Metro),Englewood — Memory Care,[memory care Englewood cost],Phrase,
Search — Memory Care (Denver Metro),Englewood — Memory Care,memory care Englewood,Broad,
Search — Memory Care (Denver Metro),Englewood — Memory Care,alzheimers care Englewood,Broad,
Search — Assisted Living (Denver Metro),Arvada — Assisted Living,"assisted living Arvada",Exact,
Search — Assisted Living (Denver Metro),Arvada — Assisted Living,"assisted living in Arvada",Exact,
Search — Assisted Living (Denver Metro),Arvada — Assisted Living,"senior living Arvada",Exact,
Search — Assisted Living (Denver Metro),Arvada — Assisted Living,"senior living in Arvada",Exact,
Search — Assisted Living (Denver Metro),Arvada — Assisted Living,"assisted living near me",Exact,
Search — Assisted Living (Denver Metro),Arvada — Assisted Living,"assisted living Arvada cost",Exact,
Search — Assisted Living (Denver Metro),Arvada — Assisted Living,[assisted living Arvada],Phrase,
Search — Assisted Living (Denver Metro),Arvada — Assisted Living,[assisted living in Arvada],Phrase,
Search — Assisted Living (Denver Metro),Arvada — Assisted Living,[senior living Arvada],Phrase,
Search — Assisted Living (Denver Metro),Arvada — Assisted Living,[senior living in Arvada],Phrase,
Search — Assisted Living (Denver Metro),Arvada — Assisted Living,[assisted living near me],Phrase,
Search — Assisted Living (Denver Metro),Arvada — Assisted Living,[assisted living Arvada cost],Phrase,
Search — Assisted Living (Denver Metro),Arvada — Assisted Living,assisted living Arvada,Broad,
Search — Assisted Living (Denver Metro),Arvada — Assisted Living,senior living Arvada,Broad,
Search — Memory Care (Denver Metro),Arvada — Memory Care,"memory care Arvada",Exact,
Search — Memory Care (Denver Metro),Arvada — Memory Care,"memory care in Arvada",Exact,
Search — Memory Care (Denver Metro),Arvada — Memory Care,"alzheimers care Arvada",Exact,
Search — Memory Care (Denver Metro),Arvada — Memory Care,"dementia care Arvada",Exact,
Search — Memory Care (Denver Metro),Arvada — Memory Care,"memory care near me",Exact,
Search — Memory Care (Denver Metro),Arvada — Memory Care,"memory care Arvada cost",Exact,
Search — Memory Care (Denver Metro),Arvada — Memory Care,[memory care Arvada],Phrase,
Search — Memory Care (Denver Metro),Arvada — Memory Care,[memory care in Arvada],Phrase,
Search — Memory Care (Denver Metro),Arvada — Memory Care,[alzheimers care Arvada],Phrase,
Search — Memory Care (Denver Metro),Arvada — Memory Care,[dementia care Arvada],Phrase,
Search — Memory Care (Denver Metro),Arvada — Memory Care,[memory care near me],Phrase,
Search — Memory Care (Denver Metro),Arvada — Memory Care,[memory care Arvada cost],Phrase,
Search — Memory Care (Denver Metro),Arvada — Memory Care,memory care Arvada,Broad,
Search — Memory Care (Denver Metro),Arvada — Memory Care,alzheimers care Arvada,Broad,
Search — Assisted Living (Denver Metro),Wheat Ridge — Assisted Living,"assisted living Wheat Ridge",Exact,
Search — Assisted Living (Denver Metro),Wheat Ridge — Assisted Living,"assisted living in Wheat Ridge",Exact,
Search — Assisted Living (Denver Metro),Wheat Ridge — Assisted Living,"senior living Wheat Ridge",Exact,
Search — Assisted Living (Denver Metro),Wheat Ridge — Assisted Living,"senior living in Wheat Ridge",Exact,
Search — Assisted Living (Denver Metro),Wheat Ridge — Assisted Living,"assisted living near me",Exact,
Search — Assisted Living (Denver Metro),Wheat Ridge — Assisted Living,"assisted living Wheat Ridge cost",Exact,
Search — Assisted Living (Denver Metro),Wheat Ridge — Assisted Living,[assisted living Wheat Ridge],Phrase,
Search — Assisted Living (Denver Metro),Wheat Ridge — Assisted Living,[assisted living in Wheat Ridge],Phrase,
Search — Assisted Living (Denver Metro),Wheat Ridge — Assisted Living,[senior living Wheat Ridge],Phrase,
Search — Assisted Living (Denver Metro),Wheat Ridge — Assisted Living,[senior living in Wheat Ridge],Phrase,
Search — Assisted Living (Denver Metro),Wheat Ridge — Assisted Living,[assisted living near me],Phrase,
Search — Assisted Living (Denver Metro),Wheat Ridge — Assisted Living,[assisted living Wheat Ridge cost],Phrase,
Search — Assisted Living (Denver Metro),Wheat Ridge — Assisted Living,assisted living Wheat Ridge,Broad,
Search — Assisted Living (Denver Metro),Wheat Ridge — Assisted Living,senior living Wheat Ridge,Broad,
Search — Memory Care (Denver Metro),Wheat Ridge — Memory Care,"memory care Wheat Ridge",Exact,
Search — Memory Care (Denver Metro),Wheat Ridge — Memory Care,"memory care in Wheat Ridge",Exact,
Search — Memory Care (Denver Metro),Wheat Ridge — Memory Care,"alzheimers care Wheat Ridge",Exact,
Search — Memory Care (Denver Metro),Wheat Ridge — Memory Care,"dementia care Wheat Ridge",Exact,
Search — Memory Care (Denver Metro),Wheat Ridge — Memory Care,"memory care near me",Exact,
Search — Memory Care (Denver Metro),Wheat Ridge — Memory Care,"memory care Wheat Ridge cost",Exact,
Search — Memory Care (Denver Metro),Wheat Ridge — Memory Care,[memory care Wheat Ridge],Phrase,
Search — Memory Care (Denver Metro),Wheat Ridge — Memory Care,[memory care in Wheat Ridge],Phrase,
Search — Memory Care (Denver Metro),Wheat Ridge — Memory Care,[alzheimers care Wheat Ridge],Phrase,
Search — Memory Care (Denver Metro),Wheat Ridge — Memory Care,[dementia care Wheat Ridge],Phrase,
Search — Memory Care (Denver Metro),Wheat Ridge — Memory Care,[memory care near me],Phrase,
Search — Memory Care (Denver Metro),Wheat Ridge — Memory Care,[memory care Wheat Ridge cost],Phrase,
Search — Memory Care (Denver Metro),Wheat Ridge — Memory Care,memory care Wheat Ridge,Broad,
Search — Memory Care (Denver Metro),Wheat Ridge — Memory Care,alzheimers care Wheat Ridge,Broad,
Search — Assisted Living (Denver Metro),Westminster — Assisted Living,"assisted living Westminster",Exact,
Search — Assisted Living (Denver Metro),Westminster — Assisted Living,"assisted living in Westminster",Exact,
Search — Assisted Living (Denver Metro),Westminster — Assisted Living,"senior living Westminster",Exact,
Search — Assisted Living (Denver Metro),Westminster — Assisted Living,"senior living in Westminster",Exact,
Search — Assisted Living (Denver Metro),Westminster — Assisted Living,"assisted living near me",Exact,
Search — Assisted Living (Denver Metro),Westminster — Assisted Living,"assisted living Westminster cost",Exact,
Search — Assisted Living (Denver Metro),Westminster — Assisted Living,[assisted living Westminster],Phrase,
Search — Assisted Living (Denver Metro),Westminster — Assisted Living,[assisted living in Westminster],Phrase,
Search — Assisted Living (Denver Metro),Westminster — Assisted Living,[senior living Westminster],Phrase,
Search — Assisted Living (Denver Metro),Westminster — Assisted Living,[senior living in Westminster],Phrase,
Search — Assisted Living (Denver Metro),Westminster — Assisted Living,[assisted living near me],Phrase,
Search — Assisted Living (Denver Metro),Westminster — Assisted Living,[assisted living Westminster cost],Phrase,
Search — Assisted Living (Denver Metro),Westminster — Assisted Living,assisted living Westminster,Broad,
Search — Assisted Living (Denver Metro),Westminster — Assisted Living,senior living Westminster,Broad,
Search — Memory Care (Denver Metro),Westminster — Memory Care,"memory care Westminster",Exact,
Search — Memory Care (Denver Metro),Westminster — Memory Care,"memory care in Westminster",Exact,
Search — Memory Care (Denver Metro),Westminster — Memory Care,"alzheimers care Westminster",Exact,
Search — Memory Care (Denver Metro),Westminster — Memory Care,"dementia care Westminster",Exact,
Search — Memory Care (Denver Metro),Westminster — Memory Care,"memory care near me",Exact,
Search — Memory Care (Denver Metro),Westminster — Memory Care,"memory care Westminster cost",Exact,
Search — Memory Care (Denver Metro),Westminster — Memory Care,[memory care Westminster],Phrase,
Search — Memory Care (Denver Metro),Westminster — Memory Care,[memory care in Westminster],Phrase,
Search — Memory Care (Denver Metro),Westminster — Memory Care,[alzheimers care Westminster],Phrase,
Search — Memory Care (Denver Metro),Westminster — Memory Care,[dementia care Westminster],Phrase,
Search — Memory Care (Denver Metro),Westminster — Memory Care,[memory care near me],Phrase,
Search — Memory Care (Denver Metro),Westminster — Memory Care,[memory care Westminster cost],Phrase,
Search — Memory Care (Denver Metro),Westminster — Memory Care,memory care Westminster,Broad,
Search — Memory Care (Denver Metro),Westminster — Memory Care,alzheimers care Westminster,Broad,
Search — Assisted Living (Denver Metro),Golden — Assisted Living,"assisted living Golden",Exact,
Search — Assisted Living (Denver Metro),Golden — Assisted Living,"assisted living in Golden",Exact,
Search — Assisted Living (Denver Metro),Golden — Assisted Living,"senior living Golden",Exact,
Search — Assisted Living (Denver Metro),Golden — Assisted Living,"senior living in Golden",Exact,
Search — Assisted Living (Denver Metro),Golden — Assisted Living,"assisted living near me",Exact,
Search — Assisted Living (Denver Metro),Golden — Assisted Living,"assisted living Golden cost",Exact,
Search — Assisted Living (Denver Metro),Golden — Assisted Living,[assisted living Golden],Phrase,
Search — Assisted Living (Denver Metro),Golden — Assisted Living,[assisted living in Golden],Phrase,
Search — Assisted Living (Denver Metro),Golden — Assisted Living,[senior living Golden],Phrase,
Search — Assisted Living (Denver Metro),Golden — Assisted Living,[senior living in Golden],Phrase,
Search — Assisted Living (Denver Metro),Golden — Assisted Living,[assisted living near me],Phrase,
Search — Assisted Living (Denver Metro),Golden — Assisted Living,[assisted living Golden cost],Phrase,
Search — Assisted Living (Denver Metro),Golden — Assisted Living,assisted living Golden,Broad,
Search — Assisted Living (Denver Metro),Golden — Assisted Living,senior living Golden,Broad,
Search — Memory Care (Denver Metro),Golden — Memory Care,"memory care Golden",Exact,
Search — Memory Care (Denver Metro),Golden — Memory Care,"memory care in Golden",Exact,
Search — Memory Care (Denver Metro),Golden — Memory Care,"alzheimers care Golden",Exact,
Search — Memory Care (Denver Metro),Golden — Memory Care,"dementia care Golden",Exact,
Search — Memory Care (Denver Metro),Golden — Memory Care,"memory care near me",Exact,
Search — Memory Care (Denver Metro),Golden — Memory Care,"memory care Golden cost",Exact,
Search — Memory Care (Denver Metro),Golden — Memory Care,[memory care Golden],Phrase,
Search — Memory Care (Denver Metro),Golden — Memory Care,[memory care in Golden],Phrase,
Search — Memory Care (Denver Metro),Golden — Memory Care,[alzheimers care Golden],Phrase,
Search — Memory Care (Denver Metro),Golden — Memory Care,[dementia care Golden],Phrase,
Search — Memory Care (Denver Metro),Golden — Memory Care,[memory care near me],Phrase,
Search — Memory Care (Denver Metro),Golden — Memory Care,[memory care Golden cost],Phrase,
Search — Memory Care (Denver Metro),Golden — Memory Care,memory care Golden,Broad,
Search — Memory Care (Denver Metro),Golden — Memory Care,alzheimers care Golden,Broad,
Search — Assisted Living (Denver Metro),Lakewood — Assisted Living,"assisted living Lakewood",Exact,
Search — Assisted Living (Denver Metro),Lakewood — Assisted Living,"assisted living in Lakewood",Exact,
Search — Assisted Living (Denver Metro),Lakewood — Assisted Living,"senior living Lakewood",Exact,
Search — Assisted Living (Denver Metro),Lakewood — Assisted Living,"senior living in Lakewood",Exact,
Search — Assisted Living (Denver Metro),Lakewood — Assisted Living,"assisted living near me",Exact,
Search — Assisted Living (Denver Metro),Lakewood — Assisted Living,"assisted living Lakewood cost",Exact,
Search — Assisted Living (Denver Metro),Lakewood — Assisted Living,[assisted living Lakewood],Phrase,
Search — Assisted Living (Denver Metro),Lakewood — Assisted Living,[assisted living in Lakewood],Phrase,
Search — Assisted Living (Denver Metro),Lakewood — Assisted Living,[senior living Lakewood],Phrase,
Search — Assisted Living (Denver Metro),Lakewood — Assisted Living,[senior living in Lakewood],Phrase,
Search — Assisted Living (Denver Metro),Lakewood — Assisted Living,[assisted living near me],Phrase,
Search — Assisted Living (Denver Metro),Lakewood — Assisted Living,[assisted living Lakewood cost],Phrase,
Search — Assisted Living (Denver Metro),Lakewood — Assisted Living,assisted living Lakewood,Broad,
Search — Assisted Living (Denver Metro),Lakewood — Assisted Living,senior living Lakewood,Broad,
Search — Memory Care (Denver Metro),Lakewood — Memory Care,"memory care Lakewood",Exact,
Search — Memory Care (Denver Metro),Lakewood — Memory Care,"memory care in Lakewood",Exact,
Search — Memory Care (Denver Metro),Lakewood — Memory Care,"alzheimers care Lakewood",Exact,
Search — Memory Care (Denver Metro),Lakewood — Memory Care,"dementia care Lakewood",Exact,
Search — Memory Care (Denver Metro),Lakewood — Memory Care,"memory care near me",Exact,
Search — Memory Care (Denver Metro),Lakewood — Memory Care,"memory care Lakewood cost",Exact,
Search — Memory Care (Denver Metro),Lakewood — Memory Care,[memory care Lakewood],Phrase,
Search — Memory Care (Denver Metro),Lakewood — Memory Care,[memory care in Lakewood],Phrase,
Search — Memory Care (Denver Metro),Lakewood — Memory Care,[alzheimers care Lakewood],Phrase,
Search — Memory Care (Denver Metro),Lakewood — Memory Care,[dementia care Lakewood],Phrase,
Search — Memory Care (Denver Metro),Lakewood — Memory Care,[memory care near me],Phrase,
Search — Memory Care (Denver Metro),Lakewood — Memory Care,[memory care Lakewood cost],Phrase,
Search — Memory Care (Denver Metro),Lakewood — Memory Care,memory care Lakewood,Broad,
Search — Memory Care (Denver Metro),Lakewood — Memory Care,alzheimers care Lakewood,Broad,
Search — Independent Living (Denver Metro),Golden — Independent Living,"independent living Golden",Exact,
Search — Independent Living (Denver Metro),Golden — Independent Living,"independent living in Golden",Exact,
Search — Independent Living (Denver Metro),Golden — Independent Living,"senior apartments Golden",Exact,
Search — Independent Living (Denver Metro),Golden — Independent Living,"retirement community Golden",Exact,
Search — Independent Living (Denver Metro),Golden — Independent Living,"independent living near me",Exact,
Search — Independent Living (Denver Metro),Golden — Independent Living,"independent living Golden cost",Exact,
Search — Independent Living (Denver Metro),Golden — Independent Living,[independent living Golden],Phrase,
Search — Independent Living (Denver Metro),Golden — Independent Living,[independent living in Golden],Phrase,
Search — Independent Living (Denver Metro),Golden — Independent Living,[senior apartments Golden],Phrase,
Search — Independent Living (Denver Metro),Golden — Independent Living,[retirement community Golden],Phrase,
Search — Independent Living (Denver Metro),Golden — Independent Living,[independent living near me],Phrase,
Search — Independent Living (Denver Metro),Golden — Independent Living,[independent living Golden cost],Phrase,
Search — Independent Living (Denver Metro),Golden — Independent Living,independent living Golden,Broad,
Search — Independent Living (Denver Metro),Golden — Independent Living,senior apartments Golden,Broad,
Search — Independent Living (Denver Metro),Lakewood — Independent Living,"independent living Lakewood",Exact,
Search — Independent Living (Denver Metro),Lakewood — Independent Living,"independent living in Lakewood",Exact,
Search — Independent Living (Denver Metro),Lakewood — Independent Living,"senior apartments Lakewood",Exact,
Search — Independent Living (Denver Metro),Lakewood — Independent Living,"retirement community Lakewood",Exact,
Search — Independent Living (Denver Metro),Lakewood — Independent Living,"independent living near me",Exact,
Search — Independent Living (Denver Metro),Lakewood — Independent Living,"independent living Lakewood cost",Exact,
Search — Independent Living (Denver Metro),Lakewood — Independent Living,[independent living Lakewood],Phrase,
Search — Independent Living (Denver Metro),Lakewood — Independent Living,[independent living in Lakewood],Phrase,
Search — Independent Living (Denver Metro),Lakewood — Independent Living,[senior apartments Lakewood],Phrase,
Search — Independent Living (Denver Metro),Lakewood — Independent Living,[retirement community Lakewood],Phrase,
Search — Independent Living (Denver Metro),Lakewood — Independent Living,[independent living near me],Phrase,
Search — Independent Living (Denver Metro),Lakewood — Independent Living,[independent living Lakewood cost],Phrase,
Search — Independent Living (Denver Metro),Lakewood — Independent Living,independent living Lakewood,Broad,
Search — Independent Living (Denver Metro),Lakewood — Independent Living,senior apartments Lakewood,Broad,
Search — Independent Living (Denver Metro),Arvada — Independent Living,"independent living Arvada",Exact,
Search — Independent Living (Denver Metro),Arvada — Independent Living,"independent living in Arvada",Exact,
Search — Independent Living (Denver Metro),Arvada — Independent Living,"senior apartments Arvada",Exact,
Search — Independent Living (Denver Metro),Arvada — Independent Living,"retirement community Arvada",Exact,
Search — Independent Living (Denver Metro),Arvada — Independent Living,"independent living near me",Exact,
Search — Independent Living (Denver Metro),Arvada — Independent Living,"independent living Arvada cost",Exact,
Search — Independent Living (Denver Metro),Arvada — Independent Living,[independent living Arvada],Phrase,
Search — Independent Living (Denver Metro),Arvada — Independent Living,[independent living in Arvada],Phrase,
Search — Independent Living (Denver Metro),Arvada — Independent Living,[senior apartments Arvada],Phrase,
Search — Independent Living (Denver Metro),Arvada — Independent Living,[retirement community Arvada],Phrase,
Search — Independent Living (Denver Metro),Arvada — Independent Living,[independent living near me],Phrase,
Search — Independent Living (Denver Metro),Arvada — Independent Living,[independent living Arvada cost],Phrase,
Search — Independent Living (Denver Metro),Arvada — Independent Living,independent living Arvada,Broad,
Search — Independent Living (Denver Metro),Arvada — Independent Living,senior apartments Arvada,Broad,
Search — Independent Living (Denver Metro),Morrison — Independent Living,"independent living Morrison",Exact,
Search — Independent Living (Denver Metro),Morrison — Independent Living,"independent living in Morrison",Exact,
Search — Independent Living (Denver Metro),Morrison — Independent Living,"senior apartments Morrison",Exact,
Search — Independent Living (Denver Metro),Morrison — Independent Living,"retirement community Morrison",Exact,
Search — Independent Living (Denver Metro),Morrison — Independent Living,"independent living near me",Exact,
Search — Independent Living (Denver Metro),Morrison — Independent Living,"independent living Morrison cost",Exact,
Search — Independent Living (Denver Metro),Morrison — Independent Living,[independent living Morrison],Phrase,
Search — Independent Living (Denver Metro),Morrison — Independent Living,[independent living in Morrison],Phrase,
Search — Independent Living (Denver Metro),Morrison — Independent Living,[senior apartments Morrison],Phrase,
Search — Independent Living (Denver Metro),Morrison — Independent Living,[retirement community Morrison],Phrase,
Search — Independent Living (Denver Metro),Morrison — Independent Living,[independent living near me],Phrase,
Search — Independent Living (Denver Metro),Morrison — Independent Living,[independent living Morrison cost],Phrase,
Search — Independent Living (Denver Metro),Morrison — Independent Living,independent living Morrison,Broad,
Search — Independent Living (Denver Metro),Morrison — Independent Living,senior apartments Morrison,Broad,
Search — Assisted Living (Denver Metro),Morrison — Assisted Living,"assisted living Morrison",Exact,
Search — Assisted Living (Denver Metro),Morrison — Assisted Living,"assisted living in Morrison",Exact,
Search — Assisted Living (Denver Metro),Morrison — Assisted Living,"senior living Morrison",Exact,
Search — Assisted Living (Denver Metro),Morrison — Assisted Living,"senior living in Morrison",Exact,
Search — Assisted Living (Denver Metro),Morrison — Assisted Living,"assisted living near me",Exact,
Search — Assisted Living (Denver Metro),Morrison — Assisted Living,"assisted living Morrison cost",Exact,
Search — Assisted Living (Denver Metro),Morrison — Assisted Living,[assisted living Morrison],Phrase,
Search — Assisted Living (Denver Metro),Morrison — Assisted Living,[assisted living in Morrison],Phrase,
Search — Assisted Living (Denver Metro),Morrison — Assisted Living,[senior living Morrison],Phrase,
Search — Assisted Living (Denver Metro),Morrison — Assisted Living,[senior living in Morrison],Phrase,
Search — Assisted Living (Denver Metro),Morrison — Assisted Living,[assisted living near me],Phrase,
Search — Assisted Living (Denver Metro),Morrison — Assisted Living,[assisted living Morrison cost],Phrase,
Search — Assisted Living (Denver Metro),Morrison — Assisted Living,assisted living Morrison,Broad,
Search — Assisted Living (Denver Metro),Morrison — Assisted Living,senior living Morrison,Broad,
Search — Memory Care (Denver Metro),Morrison — Memory Care,"memory care Morrison",Exact,
Search — Memory Care (Denver Metro),Morrison — Memory Care,"memory care in Morrison",Exact,
Search — Memory Care (Denver Metro),Morrison — Memory Care,"alzheimers care Morrison",Exact,
Search — Memory Care (Denver Metro),Morrison — Memory Care,"dementia care Morrison",Exact,
Search — Memory Care (Denver Metro),Morrison — Memory Care,"memory care near me",Exact,
Search — Memory Care (Denver Metro),Morrison — Memory Care,"memory care Morrison cost",Exact,
Search — Memory Care (Denver Metro),Morrison — Memory Care,[memory care Morrison],Phrase,
Search — Memory Care (Denver Metro),Morrison — Memory Care,[memory care in Morrison],Phrase,
Search — Memory Care (Denver Metro),Morrison — Memory Care,[alzheimers care Morrison],Phrase,
Search — Memory Care (Denver Metro),Morrison — Memory Care,[dementia care Morrison],Phrase,
Search — Memory Care (Denver Metro),Morrison — Memory Care,[memory care near me],Phrase,
Search — Memory Care (Denver Metro),Morrison — Memory Care,[memory care Morrison cost],Phrase,
Search — Memory Care (Denver Metro),Morrison — Memory Care,memory care Morrison,Broad,
Search — Memory Care (Denver Metro),Morrison — Memory Care,alzheimers care Morrison,Broad,
Search — Brand — Stage Senior,Stage Senior Brand,"stage senior",Exact,
Search — Brand — Stage Senior,Stage Senior Brand,[stage senior],Phrase,
Search — Brand — Stage Senior,Stage Senior Brand,stage senior,Broad,
Search — Brand — Communities,The Gardens at Columbine,"the gardens at columbine",Exact,
Search — Brand — Communities,The Gardens at Columbine,[the gardens at columbine],Phrase,
Search — Brand — Communities,The Gardens at Columbine,the gardens at columbine,Broad,
Search — Brand — Communities,The Gardens on Quail,"the gardens on quail",Exact,
Search — Brand — Communities,The Gardens on Quail,[the gardens on quail],Phrase,
Search — Brand — Communities,The Gardens on Quail,the gardens on quail,Broad,
Search — Brand — Communities,Stonebridge Senior,"stonebridge senior",Exact,
Search — Brand — Communities,Stonebridge Senior,[stonebridge senior],Phrase,
Search — Brand — Communities,Stonebridge Senior,stonebridge senior,Broad,
Search — Brand — Communities,Golden Pond,"golden pond senior living",Exact,
Search — Brand — Communities,Golden Pond,[golden pond senior living],Phrase,
Search — Brand — Communities,Golden Pond,golden pond senior living,Broad,
